"timestep","pft","num_agents"
1,"diatom",3.65
2,"diatom",4.45
3,"diatom",4.95
4,"diatom",5.3
5,"diatom",5.7
6,"diatom",5.8
7,"diatom",6.15
8,"diatom",6
9,"diatom",6.2
10,"diatom",6.55
11,"diatom",6.4
12,"diatom",6.75
13,"diatom",6.7
14,"diatom",6.65
15,"diatom",6.65
16,"diatom",6.45
17,"diatom",6.4
18,"diatom",6.45
19,"diatom",6.3
20,"diatom",6.2
21,"diatom",6.1
22,"diatom",5.85
23,"diatom",5.85
24,"diatom",5.75
25,"diatom",5.75
26,"diatom",5.8
27,"diatom",5.75
28,"diatom",5.45
29,"diatom",5.3
30,"diatom",5.5
31,"diatom",5.5
32,"diatom",5.4
33,"diatom",5.35
34,"diatom",5.25
35,"diatom",5.25
36,"diatom",5.25
37,"diatom",5.3
38,"diatom",5.2
39,"diatom",5.25
40,"diatom",4.9
41,"diatom",5
42,"diatom",5.05
43,"diatom",4.95
44,"diatom",5
45,"diatom",4.95
46,"diatom",4.9
47,"diatom",5.05
48,"diatom",5.05
49,"diatom",4.9
50,"diatom",4.85
51,"diatom",4.95
52,"diatom",5
53,"diatom",4.95
54,"diatom",4.85
55,"diatom",4.9
56,"diatom",4.75
57,"diatom",4.7
58,"diatom",4.8
59,"diatom",4.7
60,"diatom",4.6
61,"diatom",4.55
62,"diatom",4.5
63,"diatom",4.5
64,"diatom",4.5
65,"diatom",4.55
66,"diatom",4.5
67,"diatom",4.45
68,"diatom",4.45
69,"diatom",4.45
70,"diatom",4.2
71,"diatom",4.2
72,"diatom",4.15
73,"diatom",3.95
74,"diatom",4.05
75,"diatom",4.05
76,"diatom",4
77,"diatom",3.95
78,"diatom",3.9
79,"diatom",3.9
80,"diatom",4.05
81,"diatom",3.95
82,"diatom",3.95
83,"diatom",3.9
84,"diatom",3.85
85,"diatom",3.85
86,"diatom",3.95
87,"diatom",3.8
88,"diatom",3.8
89,"diatom",3.65
90,"diatom",3.7
91,"diatom",3.65
92,"diatom",3.75
93,"diatom",3.75
94,"diatom",3.65
95,"diatom",3.65
96,"diatom",3.65
97,"diatom",3.6
98,"diatom",3.65
99,"diatom",3.75
100,"diatom",3.65
101,"diatom",3.65
102,"diatom",3.6
103,"diatom",3.55
104,"diatom",3.6
105,"diatom",3.55
106,"diatom",3.6
107,"diatom",3.55
108,"diatom",3.55
109,"diatom",3.7
110,"diatom",3.5
111,"diatom",3.55
112,"diatom",3.6
113,"diatom",3.55
114,"diatom",3.7
115,"diatom",3.6
116,"diatom",3.7
117,"diatom",3.65
118,"diatom",3.7
119,"diatom",3.65
120,"diatom",3.7
121,"diatom",3.65
122,"diatom",3.6
123,"diatom",3.65
124,"diatom",3.8
125,"diatom",3.6
126,"diatom",3.6
127,"diatom",3.7
128,"diatom",3.7
129,"diatom",3.75
130,"diatom",3.75
131,"diatom",3.75
132,"diatom",3.85
133,"diatom",4.05
134,"diatom",3.95
135,"diatom",3.9
136,"diatom",3.9
137,"diatom",3.95
138,"diatom",3.95
139,"diatom",3.85
140,"diatom",3.9
141,"diatom",3.85
142,"diatom",3.9
143,"diatom",3.95
144,"diatom",3.95
145,"diatom",3.9
146,"diatom",3.9
147,"diatom",3.95
148,"diatom",3.95
149,"diatom",4.05
150,"diatom",3.9
151,"diatom",4.05
152,"diatom",3.95
153,"diatom",4.05
154,"diatom",3.95
155,"diatom",3.9
156,"diatom",3.85
157,"diatom",3.95
158,"diatom",4
159,"diatom",4
160,"diatom",3.8
161,"diatom",3.85
162,"diatom",3.9
163,"diatom",3.9
164,"diatom",3.95
165,"diatom",3.95
166,"diatom",4.05
167,"diatom",4
168,"diatom",4.1
169,"diatom",3.95
170,"diatom",3.9
171,"diatom",3.8
172,"diatom",3.8
173,"diatom",3.8
174,"diatom",4
175,"diatom",4
176,"diatom",3.85
177,"diatom",3.95
178,"diatom",3.8
179,"diatom",3.7
180,"diatom",3.8
181,"diatom",3.95
182,"diatom",4
183,"diatom",4.1
184,"diatom",4.25
185,"diatom",4.4
186,"diatom",4.35
187,"diatom",4.35
188,"diatom",4.4
189,"diatom",4.45
190,"diatom",4.5
191,"diatom",4.5
192,"diatom",4.65
193,"diatom",4.7
194,"diatom",4.55
195,"diatom",4.65
196,"diatom",4.65
197,"diatom",4.65
198,"diatom",4.7
199,"diatom",4.7
200,"diatom",4.65
201,"diatom",4.8
202,"diatom",4.9
203,"diatom",5
204,"diatom",4.9
205,"diatom",4.9
206,"diatom",4.95
207,"diatom",5
208,"diatom",5
209,"diatom",5
210,"diatom",5
211,"diatom",5.05
212,"diatom",5.15
213,"diatom",5.2
214,"diatom",5.1
215,"diatom",5.05
216,"diatom",5.2
217,"diatom",5.15
218,"diatom",5.1
219,"diatom",5.15
220,"diatom",5.15
221,"diatom",4.9
222,"diatom",5.05
223,"diatom",4.9
224,"diatom",4.95
225,"diatom",5
226,"diatom",5.1
227,"diatom",5.1
228,"diatom",5.2
229,"diatom",5.2
230,"diatom",5.35
231,"diatom",5.35
232,"diatom",5.3
233,"diatom",5.2
234,"diatom",5.2
235,"diatom",5.05
236,"diatom",4.9
237,"diatom",5.15
238,"diatom",5.05
239,"diatom",4.9
240,"diatom",5.05
241,"diatom",5.15
242,"diatom",5.3
243,"diatom",5.05
244,"diatom",5.2
245,"diatom",5.4
246,"diatom",5.3
247,"diatom",5.3
248,"diatom",5.3
249,"diatom",5.25
250,"diatom",5.3
251,"diatom",5.25
252,"diatom",5.5
253,"diatom",5.5
254,"diatom",5.6
255,"diatom",5.4
256,"diatom",5.4
257,"diatom",5.3
258,"diatom",5.4
259,"diatom",5.4
260,"diatom",5.55
261,"diatom",5.65
262,"diatom",5.55
263,"diatom",5.55
264,"diatom",5.6
265,"diatom",5.7
266,"diatom",5.7
267,"diatom",5.7
268,"diatom",5.75
269,"diatom",5.9
270,"diatom",5.9
271,"diatom",5.85
272,"diatom",5.75
273,"diatom",5.6
274,"diatom",5.75
275,"diatom",5.85
276,"diatom",5.7
277,"diatom",5.7
278,"diatom",5.8
279,"diatom",5.7
280,"diatom",5.65
281,"diatom",5.6
282,"diatom",5.55
283,"diatom",5.6
284,"diatom",5.75
285,"diatom",5.75
286,"diatom",5.75
287,"diatom",5.8
288,"diatom",5.65
289,"diatom",5.65
290,"diatom",5.5
291,"diatom",5.65
292,"diatom",5.7
293,"diatom",5.9
294,"diatom",5.8
295,"diatom",6
296,"diatom",5.85
297,"diatom",5.95
298,"diatom",6
299,"diatom",5.85
300,"diatom",5.8
301,"diatom",5.9
302,"diatom",5.75
303,"diatom",5.65
304,"diatom",5.5
305,"diatom",5.6
306,"diatom",5.6
307,"diatom",5.5
308,"diatom",5.55
309,"diatom",5.4
310,"diatom",5.25
311,"diatom",5.25
312,"diatom",5.45
313,"diatom",5.55
314,"diatom",5.55
315,"diatom",5.55
316,"diatom",5.5
317,"diatom",5.5
318,"diatom",5.55
319,"diatom",5.4
320,"diatom",5.55
321,"diatom",5.55
322,"diatom",5.6
323,"diatom",5.55
324,"diatom",5.5
325,"diatom",5.55
326,"diatom",5.65
327,"diatom",5.6
328,"diatom",5.55
329,"diatom",5.5
330,"diatom",5.55
331,"diatom",5.25
332,"diatom",5.35
333,"diatom",5.25
334,"diatom",5.2
335,"diatom",5.2
336,"diatom",5.4
337,"diatom",5.2
338,"diatom",5.2
339,"diatom",5.2
340,"diatom",5.1
341,"diatom",4.9
342,"diatom",4.9
343,"diatom",4.95
344,"diatom",5
345,"diatom",5.05
346,"diatom",5.05
347,"diatom",5.05
348,"diatom",5.2
349,"diatom",5.25
350,"diatom",5.25
351,"diatom",5.3
352,"diatom",5.45
353,"diatom",5.6
354,"diatom",5.45
355,"diatom",5.6
356,"diatom",5.65
357,"diatom",5.7
358,"diatom",5.75
359,"diatom",5.75
360,"diatom",5.6
361,"diatom",5.45
362,"diatom",5.4
363,"diatom",5.4
364,"diatom",5.35
365,"diatom",5.3
366,"diatom",5.25
367,"diatom",5.25
368,"diatom",5.15
369,"diatom",5.2
370,"diatom",5.2
371,"diatom",5.1
372,"diatom",5.2
373,"diatom",5.15
374,"diatom",5
375,"diatom",4.95
376,"diatom",5
377,"diatom",4.9
378,"diatom",4.85
379,"diatom",4.8
380,"diatom",4.65
381,"diatom",4.8
382,"diatom",4.75
383,"diatom",4.85
384,"diatom",4.65
385,"diatom",4.55
386,"diatom",4.65
387,"diatom",4.5
388,"diatom",4.4
389,"diatom",4.45
390,"diatom",4.55
391,"diatom",4.55
392,"diatom",4.55
393,"diatom",4.75
394,"diatom",4.7
395,"diatom",4.7
396,"diatom",4.7
397,"diatom",4.7
398,"diatom",4.85
399,"diatom",4.9
400,"diatom",5
401,"diatom",5
402,"diatom",4.9
403,"diatom",4.85
404,"diatom",4.7
405,"diatom",4.8
406,"diatom",4.75
407,"diatom",4.85
408,"diatom",4.8
409,"diatom",4.85
410,"diatom",4.75
411,"diatom",4.75
412,"diatom",4.65
413,"diatom",4.55
414,"diatom",4.55
415,"diatom",4.45
416,"diatom",4.4
417,"diatom",4.45
418,"diatom",4.45
419,"diatom",4.55
420,"diatom",4.55
421,"diatom",4.65
422,"diatom",4.65
423,"diatom",4.55
424,"diatom",4.75
425,"diatom",4.8
426,"diatom",4.8
427,"diatom",4.8
428,"diatom",5
429,"diatom",5
430,"diatom",5.05
431,"diatom",5.15
432,"diatom",5.3
433,"diatom",5.15
434,"diatom",5.3
435,"diatom",5.4
436,"diatom",5.55
437,"diatom",5.5
438,"diatom",5.45
439,"diatom",5.65
440,"diatom",5.5
441,"diatom",5.6
442,"diatom",5.5
443,"diatom",5.6
444,"diatom",5.5
445,"diatom",5.45
446,"diatom",5.55
447,"diatom",5.5
448,"diatom",5.6
449,"diatom",5.65
450,"diatom",5.8
451,"diatom",5.95
452,"diatom",6
453,"diatom",6.35
454,"diatom",6.15
455,"diatom",6.05
456,"diatom",6.15
457,"diatom",6.2
458,"diatom",6.35
459,"diatom",6.3
460,"diatom",6.45
461,"diatom",6.45
462,"diatom",6.4
463,"diatom",6.2
464,"diatom",6.3
465,"diatom",6.25
466,"diatom",6.35
467,"diatom",6.35
468,"diatom",6.35
469,"diatom",6.35
470,"diatom",6.6
471,"diatom",6.5
472,"diatom",6.55
473,"diatom",6.5
474,"diatom",6.55
475,"diatom",6.6
476,"diatom",6.65
477,"diatom",6.75
478,"diatom",6.85
479,"diatom",6.9
480,"diatom",6.75
481,"diatom",6.85
482,"diatom",6.95
483,"diatom",6.75
484,"diatom",6.9
485,"diatom",7.05
486,"diatom",7
487,"diatom",7.15
488,"diatom",7.2
489,"diatom",7.2
490,"diatom",7.3
491,"diatom",7.25
492,"diatom",7.2
493,"diatom",7.35
494,"diatom",7.45
495,"diatom",7.55
496,"diatom",7.45
497,"diatom",7.45
498,"diatom",7.45
499,"diatom",7.7
500,"diatom",7.85
501,"diatom",7.95
502,"diatom",7.85
503,"diatom",7.9
504,"diatom",7.8
505,"diatom",7.95
506,"diatom",7.85
507,"diatom",7.85
508,"diatom",7.95
509,"diatom",7.8
510,"diatom",7.75
511,"diatom",7.8
512,"diatom",8.05
513,"diatom",8.2
514,"diatom",8.3
515,"diatom",8.25
516,"diatom",8.45
517,"diatom",8.6
518,"diatom",8.65
519,"diatom",8.7
520,"diatom",8.55
521,"diatom",8.45
522,"diatom",8.45
523,"diatom",8.5
524,"diatom",8.6
525,"diatom",8.7
526,"diatom",8.7
527,"diatom",8.7
528,"diatom",8.5
529,"diatom",8.45
530,"diatom",8.55
531,"diatom",8.65
532,"diatom",8.95
533,"diatom",9.05
534,"diatom",8.95
535,"diatom",8.9
536,"diatom",9.1
537,"diatom",9.1
538,"diatom",8.95
539,"diatom",9.15
540,"diatom",9.45
541,"diatom",9.6
542,"diatom",9.45
543,"diatom",9.55
544,"diatom",9.45
545,"diatom",9.55
546,"diatom",9.5
547,"diatom",9.45
548,"diatom",9.75
549,"diatom",9.9
550,"diatom",9.7
551,"diatom",9.95
552,"diatom",10
553,"diatom",10.1
554,"diatom",10
555,"diatom",10
556,"diatom",9.9
557,"diatom",10.05
558,"diatom",10.15
559,"diatom",10.1
560,"diatom",10.1
561,"diatom",10.6
562,"diatom",10.45
563,"diatom",10.6
564,"diatom",10.7
565,"diatom",10.75
566,"diatom",10.75
567,"diatom",10.65
568,"diatom",10.95
569,"diatom",11
570,"diatom",11.35
571,"diatom",11.1
572,"diatom",11.3
573,"diatom",11.3
574,"diatom",11.55
575,"diatom",11.45
576,"diatom",11.65
577,"diatom",11.45
578,"diatom",11.45
579,"diatom",11.65
580,"diatom",11.55
581,"diatom",11.75
582,"diatom",11.75
583,"diatom",11.9
584,"diatom",11.8
585,"diatom",11.75
586,"diatom",11.8
587,"diatom",11.65
588,"diatom",11.55
589,"diatom",11.65
590,"diatom",11.7
591,"diatom",11.75
592,"diatom",11.9
593,"diatom",11.7
594,"diatom",11.9
595,"diatom",12.05
596,"diatom",12.1
597,"diatom",12.1
598,"diatom",12.45
599,"diatom",12.45
600,"diatom",12.45
601,"diatom",12.3
602,"diatom",12.4
603,"diatom",12.55
604,"diatom",12.15
605,"diatom",12
606,"diatom",12.2
607,"diatom",12.25
608,"diatom",12.35
609,"diatom",12.35
610,"diatom",12.45
611,"diatom",12.55
612,"diatom",12.9
613,"diatom",12.95
614,"diatom",12.9
615,"diatom",13.15
616,"diatom",13.3
617,"diatom",13.2
618,"diatom",13.5
619,"diatom",13.25
620,"diatom",13.55
621,"diatom",13.65
622,"diatom",13.55
623,"diatom",13.7
624,"diatom",13.7
625,"diatom",13.7
626,"diatom",13.6
627,"diatom",13.6
628,"diatom",13.65
629,"diatom",13.45
630,"diatom",14
631,"diatom",14.05
632,"diatom",14.25
633,"diatom",14.15
634,"diatom",14.4
635,"diatom",14.9
636,"diatom",14.85
637,"diatom",14.75
638,"diatom",14.9
639,"diatom",14.85
640,"diatom",14.85
641,"diatom",14.95
642,"diatom",14.75
643,"diatom",14.9
644,"diatom",14.7
645,"diatom",14.75
646,"diatom",14.8
647,"diatom",14.85
648,"diatom",14.75
649,"diatom",15.05
650,"diatom",14.7
651,"diatom",14.9
652,"diatom",15.15
653,"diatom",15.5
654,"diatom",15.7
655,"diatom",15.8
656,"diatom",16
657,"diatom",16
658,"diatom",15.75
659,"diatom",15.6
660,"diatom",15.6
661,"diatom",16
662,"diatom",16.15
663,"diatom",16.1
664,"diatom",16.4
665,"diatom",16.65
666,"diatom",16.95
667,"diatom",17.2
668,"diatom",17.55
669,"diatom",17.8
670,"diatom",17.6
671,"diatom",17.9
672,"diatom",18.05
673,"diatom",18.2
674,"diatom",18.65
675,"diatom",18.8
676,"diatom",18.8
677,"diatom",19
678,"diatom",19.2
679,"diatom",19.45
680,"diatom",19.25
681,"diatom",19.55
682,"diatom",19.4
683,"diatom",19.35
684,"diatom",19.45
685,"diatom",19.65
686,"diatom",19.6
687,"diatom",19.6
688,"diatom",19.7
689,"diatom",19.9
690,"diatom",19.95
691,"diatom",19.85
692,"diatom",20.3
693,"diatom",20.25
694,"diatom",20.15
695,"diatom",20.25
696,"diatom",20.55
697,"diatom",20.7
698,"diatom",21.05
699,"diatom",21.4
700,"diatom",21.1
701,"diatom",21.2
702,"diatom",20.95
703,"diatom",21
704,"diatom",21.25
705,"diatom",21.15
706,"diatom",21
707,"diatom",21.3
708,"diatom",21.25
709,"diatom",21.5
710,"diatom",21.45
711,"diatom",21.9
712,"diatom",21.75
713,"diatom",22.25
714,"diatom",22.3
715,"diatom",22.25
716,"diatom",22.8
717,"diatom",23.15
718,"diatom",23.45
719,"diatom",23.3
720,"diatom",23.5
721,"diatom",23.75
722,"diatom",23.5
723,"diatom",23.3
724,"diatom",22.85
725,"diatom",23.2
726,"diatom",23.85
727,"diatom",23.85
728,"diatom",23.3
729,"diatom",23.4
730,"diatom",23.2
731,"diatom",22.85
732,"diatom",22.55
733,"diatom",23.1
734,"diatom",23.2
735,"diatom",23.4
736,"diatom",23.8
737,"diatom",23.75
738,"diatom",23.45
739,"diatom",23.3
740,"diatom",23.55
741,"diatom",23.45
742,"diatom",23.45
743,"diatom",23.1
744,"diatom",23.05
745,"diatom",23
746,"diatom",23.05
747,"diatom",23.15
748,"diatom",22.95
749,"diatom",23.05
750,"diatom",23.05
751,"diatom",23
752,"diatom",22.95
753,"diatom",22.95
754,"diatom",22.85
755,"diatom",23
756,"diatom",22.8
757,"diatom",22.75
758,"diatom",22.6
759,"diatom",22.45
760,"diatom",22.5
761,"diatom",22.8
762,"diatom",22.75
763,"diatom",23.05
764,"diatom",22.65
765,"diatom",22.9
766,"diatom",22.7
767,"diatom",22.95
768,"diatom",22.55
769,"diatom",22.75
770,"diatom",22.85
771,"diatom",22.9
772,"diatom",23.2
773,"diatom",22.8
774,"diatom",23
775,"diatom",22.75
776,"diatom",22.65
777,"diatom",22.95
778,"diatom",22.75
779,"diatom",22.7
780,"diatom",22.35
781,"diatom",22.35
782,"diatom",22.4
783,"diatom",22.3
784,"diatom",21.75
785,"diatom",21.5
786,"diatom",21.45
787,"diatom",21.65
788,"diatom",21.5
789,"diatom",21.2
790,"diatom",21.35
791,"diatom",21.45
792,"diatom",21
793,"diatom",20.65
794,"diatom",20.4
795,"diatom",20.4
796,"diatom",20.4
797,"diatom",20.45
798,"diatom",20.4
799,"diatom",20.4
800,"diatom",20.3
801,"diatom",20.15
802,"diatom",20.2
803,"diatom",20.2
804,"diatom",20.3
805,"diatom",20.05
806,"diatom",19.8
807,"diatom",19.45
808,"diatom",19.65
809,"diatom",19.45
810,"diatom",19.15
811,"diatom",19.5
812,"diatom",19.65
813,"diatom",19.4
814,"diatom",19.15
815,"diatom",19.3
816,"diatom",19.3
817,"diatom",19.05
818,"diatom",18.9
819,"diatom",18.8
820,"diatom",18.7
821,"diatom",18.55
822,"diatom",18.4
823,"diatom",18.4
824,"diatom",18.05
825,"diatom",17.95
826,"diatom",18.35
827,"diatom",17.9
828,"diatom",17.65
829,"diatom",17.75
830,"diatom",17.15
831,"diatom",17.1
832,"diatom",17.1
833,"diatom",17.15
834,"diatom",17.05
835,"diatom",17.1
836,"diatom",17.25
837,"diatom",17.05
838,"diatom",16.95
839,"diatom",17.05
840,"diatom",16.8
841,"diatom",16.65
842,"diatom",16.65
843,"diatom",16.7
844,"diatom",16.45
845,"diatom",16.55
846,"diatom",16.45
847,"diatom",16.45
848,"diatom",16.25
849,"diatom",16.15
850,"diatom",15.9
851,"diatom",15.7
852,"diatom",15.65
853,"diatom",15.6
854,"diatom",15.1
855,"diatom",15.25
856,"diatom",15
857,"diatom",15.05
858,"diatom",14.7
859,"diatom",14.6
860,"diatom",14.75
861,"diatom",14.65
862,"diatom",14.6
863,"diatom",14.6
864,"diatom",14.65
865,"diatom",14.55
866,"diatom",14.3
867,"diatom",14.3
868,"diatom",14.3
869,"diatom",13.9
870,"diatom",14
871,"diatom",13.95
872,"diatom",13.8
873,"diatom",13.7
874,"diatom",13.6
875,"diatom",13.5
876,"diatom",13.5
877,"diatom",13.4
878,"diatom",13.35
879,"diatom",13.3
880,"diatom",13.5
881,"diatom",13.4
882,"diatom",13.2
883,"diatom",13.25
884,"diatom",13.15
885,"diatom",13.2
886,"diatom",13.1
887,"diatom",13.1
888,"diatom",12.95
889,"diatom",13.1
890,"diatom",12.9
891,"diatom",12.55
892,"diatom",12.6
893,"diatom",12.65
894,"diatom",12.35
895,"diatom",12.2
896,"diatom",12.3
897,"diatom",12.15
898,"diatom",12.1
899,"diatom",12.05
900,"diatom",12.15
901,"diatom",12.1
902,"diatom",12
903,"diatom",12
904,"diatom",11.8
905,"diatom",11.7
906,"diatom",11.6
907,"diatom",11.5
908,"diatom",11.45
909,"diatom",11.55
910,"diatom",11.5
911,"diatom",11.35
912,"diatom",11.2
913,"diatom",11.15
914,"diatom",11.15
915,"diatom",11.2
916,"diatom",11
917,"diatom",10.8
918,"diatom",10.75
919,"diatom",10.8
920,"diatom",10.8
921,"diatom",10.7
922,"diatom",10.75
923,"diatom",10.6
924,"diatom",10.15
925,"diatom",10.15
926,"diatom",10.05
927,"diatom",10.05
928,"diatom",9.85
929,"diatom",10.1
930,"diatom",10.1
931,"diatom",9.85
932,"diatom",9.9
933,"diatom",9.75
934,"diatom",9.65
935,"diatom",9.3
936,"diatom",9.45
937,"diatom",9.35
938,"diatom",9.3
939,"diatom",9.5
940,"diatom",9.2
941,"diatom",9.35
942,"diatom",9.35
943,"diatom",9.45
944,"diatom",9.3
945,"diatom",9.2
946,"diatom",9.3
947,"diatom",9.1
948,"diatom",8.85
949,"diatom",8.85
950,"diatom",8.6
951,"diatom",8.45
952,"diatom",8.35
953,"diatom",8.25
954,"diatom",8.35
955,"diatom",8.25
956,"diatom",8.1
957,"diatom",7.95
958,"diatom",7.95
959,"diatom",7.8
960,"diatom",7.75
961,"diatom",7.85
962,"diatom",7.75
963,"diatom",7.45
964,"diatom",7.35
965,"diatom",7.3
966,"diatom",7.25
967,"diatom",7.15
968,"diatom",7.2
969,"diatom",7.1
970,"diatom",7.05
971,"diatom",7
972,"diatom",6.95
973,"diatom",6.95
974,"diatom",7
975,"diatom",6.95
976,"diatom",6.85
977,"diatom",6.95
978,"diatom",6.9
979,"diatom",6.9
980,"diatom",6.75
981,"diatom",6.75
982,"diatom",6.8
983,"diatom",6.75
984,"diatom",6.8
985,"diatom",6.65
986,"diatom",6.6
987,"diatom",6.55
988,"diatom",6.6
989,"diatom",6.45
990,"diatom",6.35
991,"diatom",6.25
992,"diatom",6.2
993,"diatom",6.1
994,"diatom",6.05
995,"diatom",6.1
996,"diatom",6.05
997,"diatom",5.95
998,"diatom",6
999,"diatom",5.9
1000,"diatom",5.8
1001,"diatom",5.9
1002,"diatom",5.85
1003,"diatom",5.85
1004,"diatom",5.8
1005,"diatom",5.6
1006,"diatom",5.45
1007,"diatom",5.4
1008,"diatom",5.4
1009,"diatom",5.4
1010,"diatom",5.4
1011,"diatom",5.2
1012,"diatom",5.15
1013,"diatom",5.1
1014,"diatom",5.1
1015,"diatom",5
1016,"diatom",5.1
1017,"diatom",4.95
1018,"diatom",4.8
1019,"diatom",4.65
1020,"diatom",4.6
1021,"diatom",4.5
1022,"diatom",4.45
1023,"diatom",4.45
1024,"diatom",4.4
1025,"diatom",4.35
1026,"diatom",4.3
1027,"diatom",4.35
1028,"diatom",4.25
1029,"diatom",4.2
1030,"diatom",4.05
1031,"diatom",4.05
1032,"diatom",4.15
1033,"diatom",4.1
1034,"diatom",4.15
1035,"diatom",4.2
1036,"diatom",4.05
1037,"diatom",3.95
1038,"diatom",3.9
1039,"diatom",3.9
1040,"diatom",3.95
1041,"diatom",3.7
1042,"diatom",3.7
1043,"diatom",3.6
1044,"diatom",3.5
1045,"diatom",3.45
1046,"diatom",3.45
1047,"diatom",3.4
1048,"diatom",3.4
1049,"diatom",3.4
1050,"diatom",3.35
1051,"diatom",3.3
1052,"diatom",3.3
1053,"diatom",3.25
1054,"diatom",3.25
1055,"diatom",3.25
1056,"diatom",3.2
1057,"diatom",3.1
1058,"diatom",3.1
1059,"diatom",3
1060,"diatom",3
1061,"diatom",2.9
1062,"diatom",2.9
1063,"diatom",2.85
1064,"diatom",2.75
1065,"diatom",2.75
1066,"diatom",2.7
1067,"diatom",2.7
1068,"diatom",2.5
1069,"diatom",2.6
1070,"diatom",2.55
1071,"diatom",2.5
1072,"diatom",2.45
1073,"diatom",2.5
1074,"diatom",2.5
1075,"diatom",2.45
1076,"diatom",2.45
1077,"diatom",2.45
1078,"diatom",2.5
1079,"diatom",2.45
1080,"diatom",2.45
1,"cyano",2.35
2,"cyano",2.7
3,"cyano",3.5
4,"cyano",3.9
5,"cyano",4.05
6,"cyano",4.4
7,"cyano",4.55
8,"cyano",4.75
9,"cyano",4.75
10,"cyano",5
11,"cyano",5.05
12,"cyano",5.1
13,"cyano",5.2
14,"cyano",5.15
15,"cyano",5.15
16,"cyano",5.35
17,"cyano",5.25
18,"cyano",5.25
19,"cyano",5.2
20,"cyano",5.25
21,"cyano",5.4
22,"cyano",5.25
23,"cyano",5.25
24,"cyano",5.15
25,"cyano",5.05
26,"cyano",4.95
27,"cyano",4.9
28,"cyano",5.05
29,"cyano",5.1
30,"cyano",5
31,"cyano",5
32,"cyano",4.95
33,"cyano",4.7
34,"cyano",4.65
35,"cyano",4.6
36,"cyano",4.5
37,"cyano",4.55
38,"cyano",4.55
39,"cyano",4.55
40,"cyano",4.65
41,"cyano",4.6
42,"cyano",4.65
43,"cyano",4.65
44,"cyano",4.65
45,"cyano",4.7
46,"cyano",4.45
47,"cyano",4.6
48,"cyano",4.55
49,"cyano",4.45
50,"cyano",4.45
51,"cyano",4.35
52,"cyano",4.4
53,"cyano",4.35
54,"cyano",4.35
55,"cyano",4.35
56,"cyano",4.4
57,"cyano",4.4
58,"cyano",4.35
59,"cyano",4.25
60,"cyano",4.25
61,"cyano",4.15
62,"cyano",4
63,"cyano",4.1
64,"cyano",4.15
65,"cyano",4.15
66,"cyano",4
67,"cyano",4
68,"cyano",4.05
69,"cyano",4.05
70,"cyano",4
71,"cyano",4.05
72,"cyano",4
73,"cyano",3.95
74,"cyano",3.95
75,"cyano",4
76,"cyano",3.85
77,"cyano",3.8
78,"cyano",3.75
79,"cyano",3.85
80,"cyano",3.85
81,"cyano",3.85
82,"cyano",3.85
83,"cyano",3.75
84,"cyano",3.8
85,"cyano",3.65
86,"cyano",3.7
87,"cyano",3.75
88,"cyano",3.65
89,"cyano",3.6
90,"cyano",3.7
91,"cyano",3.75
92,"cyano",3.75
93,"cyano",3.85
94,"cyano",3.8
95,"cyano",3.75
96,"cyano",3.7
97,"cyano",3.7
98,"cyano",3.75
99,"cyano",3.55
100,"cyano",3.5
101,"cyano",3.5
102,"cyano",3.45
103,"cyano",3.6
104,"cyano",3.4
105,"cyano",3.45
106,"cyano",3.45
107,"cyano",3.3
108,"cyano",3.35
109,"cyano",3.35
110,"cyano",3.4
111,"cyano",3.15
112,"cyano",3.3
113,"cyano",3.35
114,"cyano",3.3
115,"cyano",3.25
116,"cyano",3.2
117,"cyano",3.2
118,"cyano",3.15
119,"cyano",3.1
120,"cyano",3.2
121,"cyano",3.05
122,"cyano",3.1
123,"cyano",3
124,"cyano",3.1
125,"cyano",3.05
126,"cyano",3.05
127,"cyano",3.1
128,"cyano",2.95
129,"cyano",2.8
130,"cyano",2.9
131,"cyano",2.95
132,"cyano",2.95
133,"cyano",2.85
134,"cyano",2.8
135,"cyano",2.75
136,"cyano",2.65
137,"cyano",2.65
138,"cyano",2.75
139,"cyano",2.7
140,"cyano",2.85
141,"cyano",2.75
142,"cyano",2.7
143,"cyano",2.7
144,"cyano",2.85
145,"cyano",2.9
146,"cyano",2.85
147,"cyano",2.9
148,"cyano",2.75
149,"cyano",2.75
150,"cyano",2.7
151,"cyano",2.7
152,"cyano",2.65
153,"cyano",2.6
154,"cyano",2.45
155,"cyano",2.55
156,"cyano",2.5
157,"cyano",2.55
158,"cyano",2.5
159,"cyano",2.6
160,"cyano",2.6
161,"cyano",2.6
162,"cyano",2.55
163,"cyano",2.55
164,"cyano",2.65
165,"cyano",2.7
166,"cyano",2.65
167,"cyano",2.7
168,"cyano",2.75
169,"cyano",2.75
170,"cyano",2.75
171,"cyano",2.75
172,"cyano",2.7
173,"cyano",2.7
174,"cyano",2.65
175,"cyano",2.75
176,"cyano",2.85
177,"cyano",2.8
178,"cyano",2.8
179,"cyano",2.75
180,"cyano",2.8
181,"cyano",2.8
182,"cyano",2.85
183,"cyano",2.85
184,"cyano",2.95
185,"cyano",3
186,"cyano",2.8
187,"cyano",2.85
188,"cyano",2.9
189,"cyano",3.05
190,"cyano",3.15
191,"cyano",3.3
192,"cyano",3.2
193,"cyano",3.4
194,"cyano",3.25
195,"cyano",3.3
196,"cyano",3.35
197,"cyano",3.3
198,"cyano",3.4
199,"cyano",3.4
200,"cyano",3.45
201,"cyano",3.5
202,"cyano",3.5
203,"cyano",3.45
204,"cyano",3.55
205,"cyano",3.55
206,"cyano",3.55
207,"cyano",3.6
208,"cyano",3.65
209,"cyano",3.6
210,"cyano",3.75
211,"cyano",3.75
212,"cyano",3.8
213,"cyano",3.8
214,"cyano",3.85
215,"cyano",3.8
216,"cyano",3.6
217,"cyano",3.6
218,"cyano",3.6
219,"cyano",3.65
220,"cyano",3.7
221,"cyano",3.75
222,"cyano",3.75
223,"cyano",3.95
224,"cyano",3.95
225,"cyano",4.1
226,"cyano",4.05
227,"cyano",4.2
228,"cyano",4.15
229,"cyano",4.05
230,"cyano",4
231,"cyano",4.15
232,"cyano",4.3
233,"cyano",4.2
234,"cyano",4.3
235,"cyano",4.4
236,"cyano",4.25
237,"cyano",4.4
238,"cyano",4.4
239,"cyano",4.4
240,"cyano",4.5
241,"cyano",4.4
242,"cyano",4.35
243,"cyano",4.4
244,"cyano",4.45
245,"cyano",4.4
246,"cyano",4.4
247,"cyano",4.3
248,"cyano",4.2
249,"cyano",4.2
250,"cyano",4.2
251,"cyano",4.3
252,"cyano",4.35
253,"cyano",4.35
254,"cyano",4.2
255,"cyano",4.5
256,"cyano",4.5
257,"cyano",4.65
258,"cyano",4.65
259,"cyano",4.55
260,"cyano",4.6
261,"cyano",4.6
262,"cyano",4.45
263,"cyano",4.55
264,"cyano",4.4
265,"cyano",4.5
266,"cyano",4.5
267,"cyano",4.45
268,"cyano",4.6
269,"cyano",4.6
270,"cyano",4.6
271,"cyano",5.05
272,"cyano",5.1
273,"cyano",5
274,"cyano",5
275,"cyano",4.9
276,"cyano",4.9
277,"cyano",4.9
278,"cyano",4.9
279,"cyano",4.7
280,"cyano",4.65
281,"cyano",4.65
282,"cyano",4.8
283,"cyano",4.8
284,"cyano",4.75
285,"cyano",4.75
286,"cyano",4.8
287,"cyano",4.5
288,"cyano",4.35
289,"cyano",4.5
290,"cyano",4.6
291,"cyano",4.75
292,"cyano",4.7
293,"cyano",4.8
294,"cyano",4.75
295,"cyano",4.8
296,"cyano",4.75
297,"cyano",4.95
298,"cyano",4.9
299,"cyano",4.95
300,"cyano",5
301,"cyano",4.85
302,"cyano",4.75
303,"cyano",4.7
304,"cyano",4.6
305,"cyano",4.9
306,"cyano",4.7
307,"cyano",4.8
308,"cyano",4.75
309,"cyano",4.8
310,"cyano",4.7
311,"cyano",4.85
312,"cyano",4.75
313,"cyano",4.75
314,"cyano",4.7
315,"cyano",4.85
316,"cyano",4.85
317,"cyano",5.05
318,"cyano",5.1
319,"cyano",5.2
320,"cyano",5.25
321,"cyano",5.35
322,"cyano",5.3
323,"cyano",5.15
324,"cyano",5.05
325,"cyano",5.1
326,"cyano",5.35
327,"cyano",5.2
328,"cyano",5.25
329,"cyano",5.4
330,"cyano",5.3
331,"cyano",5.35
332,"cyano",5.25
333,"cyano",5.2
334,"cyano",5.15
335,"cyano",5.15
336,"cyano",5.15
337,"cyano",5.2
338,"cyano",5.15
339,"cyano",5.25
340,"cyano",5.4
341,"cyano",5.25
342,"cyano",5.2
343,"cyano",5.3
344,"cyano",5.25
345,"cyano",5.3
346,"cyano",5.3
347,"cyano",5.3
348,"cyano",5.45
349,"cyano",5.5
350,"cyano",5.75
351,"cyano",5.9
352,"cyano",5.95
353,"cyano",6
354,"cyano",5.85
355,"cyano",6.05
356,"cyano",6.1
357,"cyano",6.05
358,"cyano",5.85
359,"cyano",5.9
360,"cyano",5.75
361,"cyano",5.9
362,"cyano",5.95
363,"cyano",5.95
364,"cyano",5.9
365,"cyano",5.8
366,"cyano",5.75
367,"cyano",5.7
368,"cyano",5.85
369,"cyano",5.85
370,"cyano",5.75
371,"cyano",5.8
372,"cyano",5.85
373,"cyano",5.8
374,"cyano",5.9
375,"cyano",5.8
376,"cyano",5.85
377,"cyano",5.8
378,"cyano",5.65
379,"cyano",5.75
380,"cyano",5.75
381,"cyano",5.9
382,"cyano",5.75
383,"cyano",5.85
384,"cyano",5.7
385,"cyano",5.8
386,"cyano",5.65
387,"cyano",5.65
388,"cyano",5.6
389,"cyano",5.75
390,"cyano",5.75
391,"cyano",5.55
392,"cyano",5.6
393,"cyano",5.75
394,"cyano",5.7
395,"cyano",5.65
396,"cyano",5.7
397,"cyano",5.55
398,"cyano",5.6
399,"cyano",5.35
400,"cyano",5.4
401,"cyano",5.35
402,"cyano",5.35
403,"cyano",5.5
404,"cyano",5.45
405,"cyano",5.4
406,"cyano",5.35
407,"cyano",5.3
408,"cyano",5.35
409,"cyano",5.3
410,"cyano",5.3
411,"cyano",5.25
412,"cyano",5.15
413,"cyano",5.25
414,"cyano",5.35
415,"cyano",5.15
416,"cyano",5.15
417,"cyano",5.3
418,"cyano",5.45
419,"cyano",5.5
420,"cyano",5.45
421,"cyano",5.55
422,"cyano",5.5
423,"cyano",5.55
424,"cyano",5.7
425,"cyano",5.75
426,"cyano",5.65
427,"cyano",5.7
428,"cyano",5.85
429,"cyano",5.85
430,"cyano",5.55
431,"cyano",5.65
432,"cyano",5.6
433,"cyano",5.55
434,"cyano",5.5
435,"cyano",5.4
436,"cyano",5.45
437,"cyano",5.55
438,"cyano",5.7
439,"cyano",5.55
440,"cyano",5.5
441,"cyano",5.7
442,"cyano",5.75
443,"cyano",5.45
444,"cyano",5.6
445,"cyano",5.35
446,"cyano",5.4
447,"cyano",5.6
448,"cyano",5.55
449,"cyano",5.65
450,"cyano",5.75
451,"cyano",5.85
452,"cyano",5.75
453,"cyano",5.75
454,"cyano",5.75
455,"cyano",5.65
456,"cyano",5.65
457,"cyano",5.55
458,"cyano",5.55
459,"cyano",5.65
460,"cyano",5.6
461,"cyano",5.5
462,"cyano",5.8
463,"cyano",5.8
464,"cyano",5.85
465,"cyano",5.8
466,"cyano",6.1
467,"cyano",6.05
468,"cyano",6.1
469,"cyano",5.9
470,"cyano",6.05
471,"cyano",5.9
472,"cyano",6
473,"cyano",5.95
474,"cyano",5.9
475,"cyano",6.05
476,"cyano",6.1
477,"cyano",6
478,"cyano",5.9
479,"cyano",5.9
480,"cyano",5.9
481,"cyano",5.85
482,"cyano",5.75
483,"cyano",5.85
484,"cyano",5.9
485,"cyano",5.9
486,"cyano",5.95
487,"cyano",6
488,"cyano",6.15
489,"cyano",6.25
490,"cyano",6.25
491,"cyano",6.25
492,"cyano",6.4
493,"cyano",6.45
494,"cyano",6.5
495,"cyano",6.7
496,"cyano",6.6
497,"cyano",6.4
498,"cyano",6.45
499,"cyano",6.55
500,"cyano",6.5
501,"cyano",6.55
502,"cyano",6.55
503,"cyano",6.75
504,"cyano",6.65
505,"cyano",6.75
506,"cyano",6.65
507,"cyano",6.75
508,"cyano",6.5
509,"cyano",6.65
510,"cyano",6.75
511,"cyano",6.85
512,"cyano",6.75
513,"cyano",6.65
514,"cyano",6.65
515,"cyano",6.7
516,"cyano",6.55
517,"cyano",6.6
518,"cyano",6.9
519,"cyano",6.85
520,"cyano",6.7
521,"cyano",6.7
522,"cyano",6.7
523,"cyano",6.75
524,"cyano",6.75
525,"cyano",6.85
526,"cyano",7
527,"cyano",7.25
528,"cyano",7.3
529,"cyano",7.3
530,"cyano",7.35
531,"cyano",7.4
532,"cyano",7.3
533,"cyano",7.35
534,"cyano",7.45
535,"cyano",7.4
536,"cyano",7.3
537,"cyano",7.2
538,"cyano",7.2
539,"cyano",7.25
540,"cyano",7.2
541,"cyano",7.45
542,"cyano",7.3
543,"cyano",7.35
544,"cyano",7.25
545,"cyano",7
546,"cyano",7
547,"cyano",7.05
548,"cyano",7
549,"cyano",6.95
550,"cyano",7.05
551,"cyano",7.2
552,"cyano",7.4
553,"cyano",7.4
554,"cyano",7.3
555,"cyano",7.3
556,"cyano",7.25
557,"cyano",7.3
558,"cyano",7.3
559,"cyano",7.4
560,"cyano",7.25
561,"cyano",7.55
562,"cyano",7.7
563,"cyano",7.7
564,"cyano",7.9
565,"cyano",7.85
566,"cyano",7.85
567,"cyano",8.1
568,"cyano",7.95
569,"cyano",7.95
570,"cyano",7.9
571,"cyano",7.95
572,"cyano",8
573,"cyano",7.7
574,"cyano",7.8
575,"cyano",7.85
576,"cyano",7.9
577,"cyano",7.75
578,"cyano",7.85
579,"cyano",7.65
580,"cyano",7.65
581,"cyano",7.95
582,"cyano",8.05
583,"cyano",8
584,"cyano",8
585,"cyano",8.15
586,"cyano",8
587,"cyano",8.1
588,"cyano",8.1
589,"cyano",8.05
590,"cyano",8.05
591,"cyano",7.95
592,"cyano",8.3
593,"cyano",8.25
594,"cyano",8.5
595,"cyano",8.75
596,"cyano",8.7
597,"cyano",8.75
598,"cyano",8.55
599,"cyano",8.8
600,"cyano",8.85
601,"cyano",8.8
602,"cyano",8.9
603,"cyano",8.85
604,"cyano",8.85
605,"cyano",8.8
606,"cyano",8.95
607,"cyano",9.1
608,"cyano",9.15
609,"cyano",9.1
610,"cyano",9.05
611,"cyano",9
612,"cyano",9.1
613,"cyano",9.3
614,"cyano",9.45
615,"cyano",9.35
616,"cyano",9.4
617,"cyano",9.4
618,"cyano",9.5
619,"cyano",9.6
620,"cyano",9.6
621,"cyano",9.65
622,"cyano",9.45
623,"cyano",9.7
624,"cyano",9.7
625,"cyano",9.8
626,"cyano",9.8
627,"cyano",9.8
628,"cyano",9.6
629,"cyano",9.7
630,"cyano",9.4
631,"cyano",9.45
632,"cyano",9.55
633,"cyano",9.5
634,"cyano",9.45
635,"cyano",9.55
636,"cyano",9.4
637,"cyano",9.55
638,"cyano",9.4
639,"cyano",9.35
640,"cyano",9.3
641,"cyano",9.3
642,"cyano",9.45
643,"cyano",9.3
644,"cyano",9.25
645,"cyano",9.25
646,"cyano",9.25
647,"cyano",9.35
648,"cyano",9.55
649,"cyano",9.5
650,"cyano",9.5
651,"cyano",9.55
652,"cyano",9.3
653,"cyano",9.85
654,"cyano",9.6
655,"cyano",9.7
656,"cyano",9.75
657,"cyano",9.65
658,"cyano",10
659,"cyano",9.9
660,"cyano",10
661,"cyano",10.25
662,"cyano",10.2
663,"cyano",10.3
664,"cyano",10.65
665,"cyano",10.65
666,"cyano",10.5
667,"cyano",10.55
668,"cyano",10.45
669,"cyano",10.45
670,"cyano",10.55
671,"cyano",10.45
672,"cyano",10.6
673,"cyano",10.4
674,"cyano",10.45
675,"cyano",10.7
676,"cyano",10.6
677,"cyano",10.4
678,"cyano",10.35
679,"cyano",10.65
680,"cyano",10.85
681,"cyano",11
682,"cyano",11
683,"cyano",11.05
684,"cyano",10.95
685,"cyano",11.1
686,"cyano",11.1
687,"cyano",11.1
688,"cyano",11.15
689,"cyano",11.2
690,"cyano",11.25
691,"cyano",11.2
692,"cyano",11.55
693,"cyano",11.45
694,"cyano",11.25
695,"cyano",11.3
696,"cyano",11.7
697,"cyano",11.9
698,"cyano",12
699,"cyano",11.9
700,"cyano",11.95
701,"cyano",11.9
702,"cyano",11.85
703,"cyano",11.8
704,"cyano",11.7
705,"cyano",11.9
706,"cyano",11.65
707,"cyano",11.45
708,"cyano",11.6
709,"cyano",11.95
710,"cyano",11.8
711,"cyano",11.95
712,"cyano",12.2
713,"cyano",12
714,"cyano",11.95
715,"cyano",12
716,"cyano",12.15
717,"cyano",12.05
718,"cyano",11.9
719,"cyano",12.1
720,"cyano",12.1
721,"cyano",12.25
722,"cyano",12.3
723,"cyano",12.45
724,"cyano",12.4
725,"cyano",12.6
726,"cyano",12.6
727,"cyano",12.85
728,"cyano",12.8
729,"cyano",12.5
730,"cyano",12.7
731,"cyano",12.8
732,"cyano",12.65
733,"cyano",12.6
734,"cyano",12.55
735,"cyano",12.6
736,"cyano",12.65
737,"cyano",12.8
738,"cyano",12.8
739,"cyano",13.05
740,"cyano",13.35
741,"cyano",13.2
742,"cyano",13.05
743,"cyano",13.2
744,"cyano",13.05
745,"cyano",13
746,"cyano",13.15
747,"cyano",13.25
748,"cyano",13.25
749,"cyano",13.4
750,"cyano",13.55
751,"cyano",13.65
752,"cyano",13.5
753,"cyano",13.45
754,"cyano",13.4
755,"cyano",13.55
756,"cyano",13.7
757,"cyano",13.65
758,"cyano",13.55
759,"cyano",13.55
760,"cyano",13.75
761,"cyano",13.7
762,"cyano",13.65
763,"cyano",13.8
764,"cyano",13.65
765,"cyano",13.6
766,"cyano",13.55
767,"cyano",13.65
768,"cyano",13.5
769,"cyano",13.5
770,"cyano",13.6
771,"cyano",13.55
772,"cyano",13.55
773,"cyano",13.4
774,"cyano",13.45
775,"cyano",13.5
776,"cyano",13.35
777,"cyano",13.2
778,"cyano",13.05
779,"cyano",13.3
780,"cyano",13.45
781,"cyano",13.35
782,"cyano",13.2
783,"cyano",13.25
784,"cyano",13.1
785,"cyano",13.25
786,"cyano",12.95
787,"cyano",12.7
788,"cyano",12.65
789,"cyano",12.5
790,"cyano",12.55
791,"cyano",12.4
792,"cyano",12.45
793,"cyano",12.2
794,"cyano",12.25
795,"cyano",12.15
796,"cyano",12.25
797,"cyano",12.05
798,"cyano",12.15
799,"cyano",11.9
800,"cyano",12.15
801,"cyano",12.2
802,"cyano",12.25
803,"cyano",12.35
804,"cyano",11.9
805,"cyano",11.95
806,"cyano",11.85
807,"cyano",11.95
808,"cyano",12.15
809,"cyano",11.95
810,"cyano",12
811,"cyano",11.65
812,"cyano",11.5
813,"cyano",11.4
814,"cyano",11.35
815,"cyano",11.35
816,"cyano",11.2
817,"cyano",11
818,"cyano",10.9
819,"cyano",10.95
820,"cyano",11
821,"cyano",10.9
822,"cyano",10.85
823,"cyano",10.9
824,"cyano",10.8
825,"cyano",10.8
826,"cyano",10.65
827,"cyano",10.6
828,"cyano",10.45
829,"cyano",10.65
830,"cyano",10.55
831,"cyano",10.5
832,"cyano",10.5
833,"cyano",10.2
834,"cyano",10.2
835,"cyano",10.1
836,"cyano",10.35
837,"cyano",10.4
838,"cyano",10.4
839,"cyano",10.45
840,"cyano",10.45
841,"cyano",10.4
842,"cyano",10.3
843,"cyano",10.35
844,"cyano",10.25
845,"cyano",9.95
846,"cyano",9.75
847,"cyano",9.8
848,"cyano",9.65
849,"cyano",9.65
850,"cyano",9.55
851,"cyano",9.6
852,"cyano",9.55
853,"cyano",9.65
854,"cyano",9.85
855,"cyano",9.5
856,"cyano",9.35
857,"cyano",9.3
858,"cyano",9.5
859,"cyano",9.45
860,"cyano",9.6
861,"cyano",9.3
862,"cyano",9.35
863,"cyano",9.25
864,"cyano",9.25
865,"cyano",8.8
866,"cyano",9
867,"cyano",8.8
868,"cyano",8.8
869,"cyano",8.7
870,"cyano",8.75
871,"cyano",8.55
872,"cyano",8.35
873,"cyano",8.35
874,"cyano",8.2
875,"cyano",8.25
876,"cyano",8.4
877,"cyano",8.25
878,"cyano",8.1
879,"cyano",8.15
880,"cyano",8.05
881,"cyano",8.05
882,"cyano",7.9
883,"cyano",7.9
884,"cyano",7.8
885,"cyano",7.9
886,"cyano",7.85
887,"cyano",7.75
888,"cyano",7.85
889,"cyano",7.5
890,"cyano",7.25
891,"cyano",7.15
892,"cyano",7.15
893,"cyano",7.05
894,"cyano",7.15
895,"cyano",7.1
896,"cyano",6.95
897,"cyano",6.9
898,"cyano",6.9
899,"cyano",6.8
900,"cyano",6.8
901,"cyano",7.05
902,"cyano",6.85
903,"cyano",6.8
904,"cyano",6.7
905,"cyano",6.75
906,"cyano",6.65
907,"cyano",6.4
908,"cyano",6.4
909,"cyano",6.35
910,"cyano",6.25
911,"cyano",6.3
912,"cyano",6.25
913,"cyano",6.3
914,"cyano",6.2
915,"cyano",6.2
916,"cyano",6.15
917,"cyano",5.85
918,"cyano",5.95
919,"cyano",5.95
920,"cyano",5.75
921,"cyano",5.7
922,"cyano",5.65
923,"cyano",5.5
924,"cyano",5.5
925,"cyano",5.4
926,"cyano",5.35
927,"cyano",5.15
928,"cyano",5.2
929,"cyano",5.05
930,"cyano",5
931,"cyano",5.1
932,"cyano",5.15
933,"cyano",5.1
934,"cyano",5.1
935,"cyano",5
936,"cyano",4.95
937,"cyano",4.85
938,"cyano",4.9
939,"cyano",4.8
940,"cyano",4.85
941,"cyano",4.85
942,"cyano",4.75
943,"cyano",4.75
944,"cyano",4.7
945,"cyano",4.7
946,"cyano",4.65
947,"cyano",4.55
948,"cyano",4.5
949,"cyano",4.3
950,"cyano",4.45
951,"cyano",4.45
952,"cyano",4.5
953,"cyano",4.4
954,"cyano",4.35
955,"cyano",4.35
956,"cyano",4.2
957,"cyano",4.25
958,"cyano",4.1
959,"cyano",4.1
960,"cyano",4.1
961,"cyano",4.05
962,"cyano",3.95
963,"cyano",3.95
964,"cyano",4
965,"cyano",4
966,"cyano",3.95
967,"cyano",3.9
968,"cyano",3.8
969,"cyano",3.8
970,"cyano",3.85
971,"cyano",3.85
972,"cyano",3.8
973,"cyano",3.75
974,"cyano",3.75
975,"cyano",3.75
976,"cyano",3.65
977,"cyano",3.6
978,"cyano",3.65
979,"cyano",3.65
980,"cyano",3.55
981,"cyano",3.45
982,"cyano",3.4
983,"cyano",3.25
984,"cyano",3.15
985,"cyano",3.15
986,"cyano",3.1
987,"cyano",3.05
988,"cyano",3
989,"cyano",3
990,"cyano",2.9
991,"cyano",2.9
992,"cyano",2.85
993,"cyano",2.8
994,"cyano",2.75
995,"cyano",2.8
996,"cyano",2.75
997,"cyano",2.7
998,"cyano",2.6
999,"cyano",2.75
1000,"cyano",2.6
1001,"cyano",2.5
1002,"cyano",2.55
1003,"cyano",2.5
1004,"cyano",2.5
1005,"cyano",2.6
1006,"cyano",2.45
1007,"cyano",2.5
1008,"cyano",2.45
1009,"cyano",2.5
1010,"cyano",2.4
1011,"cyano",2.4
1012,"cyano",2.4
1013,"cyano",2.35
1014,"cyano",2.3
1015,"cyano",2.25
1016,"cyano",2.2
1017,"cyano",2.25
1018,"cyano",2.2
1019,"cyano",2.15
1020,"cyano",2.1
1021,"cyano",2.05
1022,"cyano",2.05
1023,"cyano",2.1
1024,"cyano",2.1
1025,"cyano",2.15
1026,"cyano",2.15
1027,"cyano",2
1028,"cyano",2.05
1029,"cyano",1.95
1030,"cyano",1.95
1031,"cyano",1.85
1032,"cyano",1.9
1033,"cyano",1.85
1034,"cyano",1.85
1035,"cyano",1.9
1036,"cyano",1.9
1037,"cyano",1.9
1038,"cyano",1.9
1039,"cyano",1.9
1040,"cyano",1.85
1041,"cyano",1.85
1042,"cyano",1.85
1043,"cyano",1.9
1044,"cyano",1.9
1045,"cyano",1.85
1046,"cyano",1.85
1047,"cyano",1.7
1048,"cyano",1.75
1049,"cyano",1.7
1050,"cyano",1.7
1051,"cyano",1.75
1052,"cyano",1.65
1053,"cyano",1.7
1054,"cyano",1.7
1055,"cyano",1.7
1056,"cyano",1.7
1057,"cyano",1.7
1058,"cyano",1.7
1059,"cyano",1.7
1060,"cyano",1.75
1061,"cyano",1.7
1062,"cyano",1.7
1063,"cyano",1.7
1064,"cyano",1.6
1065,"cyano",1.6
1066,"cyano",1.55
1067,"cyano",1.55
1068,"cyano",1.6
1069,"cyano",1.6
1070,"cyano",1.6
1071,"cyano",1.65
1072,"cyano",1.6
1073,"cyano",1.45
1074,"cyano",1.45
1075,"cyano",1.55
1076,"cyano",1.55
1077,"cyano",1.55
1078,"cyano",1.55
1079,"cyano",1.5
1080,"cyano",1.55
1,"green",13.8
2,"green",15.6
3,"green",17.05
4,"green",18.4
5,"green",19.2
6,"green",19.65
7,"green",20.3
8,"green",21.3
9,"green",21.75
10,"green",21.5
11,"green",21.85
12,"green",21.9
13,"green",21.85
14,"green",22.1
15,"green",22
16,"green",22.2
17,"green",22.4
18,"green",21.95
19,"green",21.9
20,"green",21.9
21,"green",21.45
22,"green",21.65
23,"green",21.55
24,"green",21.6
25,"green",21.5
26,"green",21.4
27,"green",21.3
28,"green",21.1
29,"green",20.95
30,"green",20.8
31,"green",20.9
32,"green",20.75
33,"green",20.4
34,"green",20.4
35,"green",20.3
36,"green",20.25
37,"green",20
38,"green",19.9
39,"green",19.65
40,"green",19.7
41,"green",19.55
42,"green",19.5
43,"green",19.4
44,"green",19.3
45,"green",19.1
46,"green",18.9
47,"green",18.7
48,"green",18.55
49,"green",18.25
50,"green",18.05
51,"green",17.85
52,"green",17.6
53,"green",17.7
54,"green",17.3
55,"green",17.25
56,"green",16.95
57,"green",16.9
58,"green",16.65
59,"green",16.25
60,"green",16.2
61,"green",16.35
62,"green",16.25
63,"green",16.05
64,"green",16.15
65,"green",15.95
66,"green",16
67,"green",15.95
68,"green",15.95
69,"green",16.05
70,"green",15.75
71,"green",16.05
72,"green",16.05
73,"green",15.85
74,"green",16.15
75,"green",16.25
76,"green",16.1
77,"green",16
78,"green",15.7
79,"green",15.5
80,"green",15.4
81,"green",15.15
82,"green",15.2
83,"green",15.25
84,"green",15.5
85,"green",15.2
86,"green",14.95
87,"green",15
88,"green",14.9
89,"green",14.7
90,"green",14.85
91,"green",14.85
92,"green",14.95
93,"green",15.05
94,"green",15.1
95,"green",14.95
96,"green",14.7
97,"green",14.8
98,"green",14.6
99,"green",14.5
100,"green",14.8
101,"green",14.5
102,"green",14.4
103,"green",14.55
104,"green",14.7
105,"green",14.35
106,"green",14.1
107,"green",14.35
108,"green",14.3
109,"green",14.3
110,"green",14.5
111,"green",14.55
112,"green",14.45
113,"green",14.5
114,"green",14.45
115,"green",14.3
116,"green",14.25
117,"green",14.15
118,"green",14
119,"green",14
120,"green",13.85
121,"green",13.8
122,"green",13.6
123,"green",13.45
124,"green",13.55
125,"green",13.85
126,"green",14.1
127,"green",14.35
128,"green",14.25
129,"green",14.25
130,"green",13.9
131,"green",13.85
132,"green",13.85
133,"green",13.85
134,"green",13.8
135,"green",14.05
136,"green",13.8
137,"green",14
138,"green",14
139,"green",14.1
140,"green",14.1
141,"green",14.2
142,"green",14.4
143,"green",14.4
144,"green",14.25
145,"green",13.95
146,"green",14.05
147,"green",14.25
148,"green",14.25
149,"green",14.3
150,"green",14.2
151,"green",13.75
152,"green",13.9
153,"green",13.55
154,"green",13.85
155,"green",13.9
156,"green",13.65
157,"green",13.65
158,"green",13.7
159,"green",14.05
160,"green",13.8
161,"green",13.6
162,"green",13.5
163,"green",13.35
164,"green",13.25
165,"green",13.35
166,"green",13.2
167,"green",13.4
168,"green",13.55
169,"green",13.65
170,"green",13.65
171,"green",13.6
172,"green",13.55
173,"green",13.5
174,"green",13.8
175,"green",13.5
176,"green",13.5
177,"green",13.6
178,"green",13.6
179,"green",13.9
180,"green",14
181,"green",14
182,"green",14.15
183,"green",14.25
184,"green",14.3
185,"green",14.2
186,"green",13.8
187,"green",14
188,"green",14.15
189,"green",14.45
190,"green",14.55
191,"green",14.55
192,"green",14.7
193,"green",14.95
194,"green",15.25
195,"green",15.4
196,"green",15.35
197,"green",15.35
198,"green",15.3
199,"green",15.45
200,"green",15.5
201,"green",15.65
202,"green",15.9
203,"green",15.95
204,"green",16.1
205,"green",16.15
206,"green",16.5
207,"green",16.65
208,"green",16.65
209,"green",16.5
210,"green",16.55
211,"green",16.7
212,"green",16.85
213,"green",17
214,"green",17
215,"green",17.1
216,"green",16.8
217,"green",17.1
218,"green",17.3
219,"green",17.35
220,"green",17.5
221,"green",17.55
222,"green",17.85
223,"green",17.9
224,"green",18
225,"green",18.15
226,"green",18
227,"green",18.05
228,"green",18.45
229,"green",18.45
230,"green",18.75
231,"green",18.65
232,"green",19
233,"green",19.3
234,"green",19.75
235,"green",19.9
236,"green",20.1
237,"green",20.25
238,"green",20.45
239,"green",20.45
240,"green",20.65
241,"green",20.75
242,"green",20.6
243,"green",20.75
244,"green",20.4
245,"green",20.65
246,"green",20.9
247,"green",21.3
248,"green",21.5
249,"green",21.65
250,"green",21.8
251,"green",21.95
252,"green",21.55
253,"green",21.4
254,"green",21.7
255,"green",21.85
256,"green",21.8
257,"green",22
258,"green",22.25
259,"green",22.3
260,"green",22.05
261,"green",21.85
262,"green",21.95
263,"green",21.95
264,"green",22.15
265,"green",22.65
266,"green",22.4
267,"green",22.6
268,"green",22.8
269,"green",22.8
270,"green",23.1
271,"green",23.3
272,"green",23.2
273,"green",23.3
274,"green",23.6
275,"green",23.65
276,"green",24.25
277,"green",24.4
278,"green",24.45
279,"green",24.8
280,"green",24.8
281,"green",24.75
282,"green",25.35
283,"green",25.7
284,"green",25.6
285,"green",25.7
286,"green",25.65
287,"green",25.85
288,"green",26
289,"green",26.1
290,"green",25.75
291,"green",25.6
292,"green",25.75
293,"green",25.9
294,"green",25.95
295,"green",26
296,"green",26.45
297,"green",26.5
298,"green",26
299,"green",26.05
300,"green",26.55
301,"green",26.7
302,"green",26.85
303,"green",26.8
304,"green",26.75
305,"green",26.9
306,"green",26.85
307,"green",26.55
308,"green",26.45
309,"green",26.35
310,"green",26.65
311,"green",26.9
312,"green",26.9
313,"green",26.65
314,"green",26.65
315,"green",26.95
316,"green",27.3
317,"green",27.45
318,"green",27
319,"green",26.9
320,"green",27.35
321,"green",27.25
322,"green",27.7
323,"green",27.65
324,"green",27.85
325,"green",27.95
326,"green",28.4
327,"green",28.15
328,"green",28.35
329,"green",28.25
330,"green",28.6
331,"green",28.75
332,"green",28.8
333,"green",28.7
334,"green",28.9
335,"green",29.45
336,"green",29.4
337,"green",29.5
338,"green",29.6
339,"green",30.1
340,"green",30.05
341,"green",30.35
342,"green",30.95
343,"green",31.2
344,"green",31.35
345,"green",31.6
346,"green",31.5
347,"green",31.35
348,"green",31.75
349,"green",31.9
350,"green",31.95
351,"green",32.3
352,"green",32.75
353,"green",32.7
354,"green",32.85
355,"green",32.75
356,"green",32.65
357,"green",32.8
358,"green",32.8
359,"green",32.9
360,"green",32.85
361,"green",32.95
362,"green",33.15
363,"green",33.25
364,"green",33.15
365,"green",33.6
366,"green",33.75
367,"green",33.7
368,"green",33.8
369,"green",33.6
370,"green",33.2
371,"green",33.6
372,"green",34.1
373,"green",34.7
374,"green",34.55
375,"green",34.3
376,"green",33.95
377,"green",34.25
378,"green",34.1
379,"green",34.45
380,"green",34
381,"green",33.9
382,"green",33.55
383,"green",33.9
384,"green",33.75
385,"green",33.95
386,"green",33.95
387,"green",34.05
388,"green",34.15
389,"green",33.9
390,"green",33.85
391,"green",34.05
392,"green",34.05
393,"green",34.15
394,"green",34.2
395,"green",34.4
396,"green",34.65
397,"green",34.8
398,"green",34.8
399,"green",34.7
400,"green",34.95
401,"green",34.95
402,"green",35.05
403,"green",35.45
404,"green",35.9
405,"green",35.95
406,"green",36.1
407,"green",35.7
408,"green",35.85
409,"green",36
410,"green",36.1
411,"green",35.95
412,"green",35.95
413,"green",36.15
414,"green",35.45
415,"green",36.1
416,"green",35.7
417,"green",36
418,"green",35.8
419,"green",36.15
420,"green",36.3
421,"green",36.3
422,"green",36.1
423,"green",36.65
424,"green",36.45
425,"green",36.8
426,"green",37.2
427,"green",37.45
428,"green",37.7
429,"green",38.3
430,"green",38.55
431,"green",38.8
432,"green",39.25
433,"green",38.8
434,"green",38.95
435,"green",39.1
436,"green",39.3
437,"green",39.2
438,"green",40.1
439,"green",40.7
440,"green",40.95
441,"green",40.7
442,"green",41.3
443,"green",41.05
444,"green",42.2
445,"green",41.9
446,"green",42
447,"green",41.6
448,"green",42.05
449,"green",42.95
450,"green",42.75
451,"green",43.5
452,"green",43.2
453,"green",42.95
454,"green",43.5
455,"green",43.6
456,"green",43.65
457,"green",43.55
458,"green",43.9
459,"green",43.8
460,"green",43.35
461,"green",43.55
462,"green",44.1
463,"green",44.3
464,"green",44.6
465,"green",44.7
466,"green",44.8
467,"green",45.05
468,"green",45.65
469,"green",45.75
470,"green",45.85
471,"green",46.45
472,"green",46.1
473,"green",46.35
474,"green",47.35
475,"green",47.65
476,"green",47.2
477,"green",47.2
478,"green",46.9
479,"green",47.35
480,"green",47.75
481,"green",48
482,"green",47.95
483,"green",48.05
484,"green",48.35
485,"green",48.65
486,"green",48.75
487,"green",49.4
488,"green",49.5
489,"green",49.35
490,"green",49.45
491,"green",49.45
492,"green",50.15
493,"green",50.8
494,"green",50.85
495,"green",51.15
496,"green",51.2
497,"green",51.45
498,"green",51.8
499,"green",51.85
500,"green",51.9
501,"green",52.15
502,"green",52.45
503,"green",52.65
504,"green",52.75
505,"green",52.65
506,"green",53.2
507,"green",53.2
508,"green",53.15
509,"green",53.35
510,"green",53.55
511,"green",53.8
512,"green",53.65
513,"green",54.1
514,"green",54
515,"green",54.1
516,"green",54.3
517,"green",55
518,"green",55.2
519,"green",56
520,"green",55.85
521,"green",55.95
522,"green",56.35
523,"green",56.45
524,"green",57.05
525,"green",57.1
526,"green",57.35
527,"green",57.35
528,"green",57.3
529,"green",58.05
530,"green",58.1
531,"green",58.75
532,"green",58.5
533,"green",58.6
534,"green",59.5
535,"green",60.35
536,"green",61
537,"green",61.85
538,"green",61.85
539,"green",62.35
540,"green",62.55
541,"green",63
542,"green",63.25
543,"green",63.3
544,"green",63.95
545,"green",64.8
546,"green",65.25
547,"green",64.7
548,"green",65
549,"green",65.55
550,"green",65.5
551,"green",66.4
552,"green",67.2
553,"green",67
554,"green",67.45
555,"green",67.9
556,"green",68.35
557,"green",68.6
558,"green",68.7
559,"green",69
560,"green",69.9
561,"green",70.45
562,"green",70.75
563,"green",71.05
564,"green",71.55
565,"green",72.35
566,"green",72.6
567,"green",72.4
568,"green",73.2
569,"green",72.85
570,"green",72.95
571,"green",73.4
572,"green",74.05
573,"green",73.55
574,"green",74.25
575,"green",73.95
576,"green",74.4
577,"green",74.6
578,"green",75.15
579,"green",74.85
580,"green",74.35
581,"green",75
582,"green",75.4
583,"green",75.45
584,"green",75.65
585,"green",75.9
586,"green",76.3
587,"green",75.65
588,"green",76.3
589,"green",76.05
590,"green",77.25
591,"green",77
592,"green",77.2
593,"green",77.95
594,"green",77.95
595,"green",78.05
596,"green",78
597,"green",78.8
598,"green",78.6
599,"green",79
600,"green",80
601,"green",79.85
602,"green",79.95
603,"green",80.35
604,"green",80.8
605,"green",81.45
606,"green",81.9
607,"green",81.65
608,"green",81.75
609,"green",82.25
610,"green",82.2
611,"green",83.1
612,"green",83.05
613,"green",84.15
614,"green",84.25
615,"green",84.95
616,"green",85.45
617,"green",85.35
618,"green",85.95
619,"green",86.25
620,"green",87.25
621,"green",87.5
622,"green",87.55
623,"green",88.35
624,"green",89.1
625,"green",89.45
626,"green",89.7
627,"green",91.1
628,"green",90.7
629,"green",90.9
630,"green",91.3
631,"green",91.85
632,"green",92.25
633,"green",92.95
634,"green",93.6
635,"green",94.15
636,"green",95.05
637,"green",95.7
638,"green",96.2
639,"green",96.2
640,"green",96.6
641,"green",96.15
642,"green",96.45
643,"green",97.85
644,"green",98.2
645,"green",99.05
646,"green",99.25
647,"green",100.95
648,"green",100.9
649,"green",102.1
650,"green",102.05
651,"green",101.75
652,"green",102.05
653,"green",102.05
654,"green",102.75
655,"green",103.1
656,"green",103.4
657,"green",104.4
658,"green",104.85
659,"green",105.9
660,"green",105.6
661,"green",105.35
662,"green",105.35
663,"green",106.05
664,"green",106.65
665,"green",108.85
666,"green",108.5
667,"green",109
668,"green",108.7
669,"green",109.1
670,"green",109.15
671,"green",109.1
672,"green",109.9
673,"green",110.2
674,"green",110.75
675,"green",111.65
676,"green",111.25
677,"green",112.05
678,"green",112.8
679,"green",113.85
680,"green",114.15
681,"green",114.45
682,"green",115.05
683,"green",115.3
684,"green",115.5
685,"green",116
686,"green",116.5
687,"green",116.95
688,"green",117.4
689,"green",118.05
690,"green",119.25
691,"green",119.25
692,"green",119.95
693,"green",120.95
694,"green",121
695,"green",121.05
696,"green",121.95
697,"green",122.15
698,"green",122.4
699,"green",122.95
700,"green",123.7
701,"green",123.7
702,"green",124.95
703,"green",125.4
704,"green",126.2
705,"green",126.8
706,"green",127.75
707,"green",128.4
708,"green",128.85
709,"green",128.4
710,"green",128.3
711,"green",129.25
712,"green",129.75
713,"green",130.4
714,"green",130.55
715,"green",132.1
716,"green",133.4
717,"green",133.4
718,"green",133.85
719,"green",134.8
720,"green",135.65
721,"green",134.8
722,"green",134.25
723,"green",133.9
724,"green",133.8
725,"green",133.4
726,"green",133.6
727,"green",134
728,"green",134.15
729,"green",134.15
730,"green",135.35
731,"green",134.45
732,"green",135.05
733,"green",135.1
734,"green",136.1
735,"green",136.65
736,"green",137.1
737,"green",135.95
738,"green",135.9
739,"green",135.3
740,"green",135.25
741,"green",134.6
742,"green",134.7
743,"green",135.1
744,"green",135.7
745,"green",135.15
746,"green",135.05
747,"green",134.95
748,"green",135.1
749,"green",135.6
750,"green",135.1
751,"green",135.4
752,"green",135.4
753,"green",136
754,"green",136.4
755,"green",136.25
756,"green",136.25
757,"green",136.05
758,"green",136.15
759,"green",135.8
760,"green",135.85
761,"green",135.65
762,"green",135.6
763,"green",136.05
764,"green",136.1
765,"green",135.65
766,"green",135.95
767,"green",135.2
768,"green",135.85
769,"green",135.7
770,"green",136.3
771,"green",136.3
772,"green",135.85
773,"green",135.9
774,"green",135.45
775,"green",135.2
776,"green",135.4
777,"green",135.9
778,"green",136.05
779,"green",136.2
780,"green",136.8
781,"green",135.8
782,"green",135.3
783,"green",134.45
784,"green",134.25
785,"green",134.2
786,"green",133.5
787,"green",132.25
788,"green",131.05
789,"green",130.35
790,"green",130.3
791,"green",128.65
792,"green",128
793,"green",128.25
794,"green",127.65
795,"green",128.05
796,"green",127.4
797,"green",127.1
798,"green",126.6
799,"green",125.2
800,"green",125.45
801,"green",124.95
802,"green",124.05
803,"green",123.95
804,"green",123.1
805,"green",123.35
806,"green",121.9
807,"green",121.65
808,"green",120.8
809,"green",119.75
810,"green",119.75
811,"green",119.55
812,"green",118.5
813,"green",118.5
814,"green",117.4
815,"green",116.55
816,"green",116.85
817,"green",115.5
818,"green",115.6
819,"green",115
820,"green",114.25
821,"green",113.35
822,"green",113.3
823,"green",112.35
824,"green",110.75
825,"green",111.1
826,"green",109.7
827,"green",109.55
828,"green",108.5
829,"green",108.8
830,"green",108.6
831,"green",108.05
832,"green",106.85
833,"green",106.15
834,"green",105.95
835,"green",105.9
836,"green",105.75
837,"green",105.15
838,"green",105.3
839,"green",105
840,"green",104.4
841,"green",103.55
842,"green",103.3
843,"green",102.35
844,"green",101.45
845,"green",100.9
846,"green",99.75
847,"green",98.4
848,"green",98.95
849,"green",97.9
850,"green",97.95
851,"green",96.05
852,"green",95.1
853,"green",94.85
854,"green",94.25
855,"green",93.9
856,"green",93.3
857,"green",92.75
858,"green",92.45
859,"green",92.2
860,"green",91.05
861,"green",90.6
862,"green",90.35
863,"green",90.15
864,"green",89.15
865,"green",89.4
866,"green",88.45
867,"green",87.85
868,"green",87.05
869,"green",86.95
870,"green",86.05
871,"green",85.4
872,"green",84.35
873,"green",84.05
874,"green",83.6
875,"green",83.2
876,"green",82.65
877,"green",82.2
878,"green",81.45
879,"green",81.25
880,"green",80.75
881,"green",80.4
882,"green",79.65
883,"green",79.1
884,"green",79.45
885,"green",78.2
886,"green",77.7
887,"green",77.45
888,"green",76.85
889,"green",76.65
890,"green",75.9
891,"green",75.35
892,"green",74.75
893,"green",74.25
894,"green",73.65
895,"green",72.9
896,"green",72.7
897,"green",72.05
898,"green",71.65
899,"green",71.2
900,"green",70.5
901,"green",70.4
902,"green",69.55
903,"green",68.85
904,"green",68.65
905,"green",68.1
906,"green",67.7
907,"green",67
908,"green",66.65
909,"green",66.05
910,"green",65.5
911,"green",64.6
912,"green",64.4
913,"green",64
914,"green",63.4
915,"green",63.4
916,"green",63.45
917,"green",62.75
918,"green",62.45
919,"green",61.95
920,"green",61.35
921,"green",60.5
922,"green",60.3
923,"green",59.45
924,"green",58.85
925,"green",58.15
926,"green",57.7
927,"green",57.15
928,"green",56.85
929,"green",56.35
930,"green",55.85
931,"green",55.7
932,"green",55.05
933,"green",54.55
934,"green",54.1
935,"green",53.4
936,"green",53.1
937,"green",52.65
938,"green",52.1
939,"green",51.9
940,"green",51.6
941,"green",51.4
942,"green",50.5
943,"green",50.35
944,"green",49.6
945,"green",48.9
946,"green",48.4
947,"green",48.3
948,"green",48.2
949,"green",47.55
950,"green",47.15
951,"green",46.8
952,"green",46.45
953,"green",46.1
954,"green",45.9
955,"green",45.1
956,"green",44.45
957,"green",44.2
958,"green",43.6
959,"green",43.25
960,"green",42.8
961,"green",42.9
962,"green",43.15
963,"green",43
964,"green",42.3
965,"green",42
966,"green",41.8
967,"green",41.65
968,"green",40.95
969,"green",40.9
970,"green",40.45
971,"green",39.9
972,"green",39.7
973,"green",39.7
974,"green",39.1
975,"green",38.85
976,"green",38.7
977,"green",38.35
978,"green",37.25
979,"green",37.4
980,"green",37.1
981,"green",36.55
982,"green",36.35
983,"green",36.15
984,"green",36.25
985,"green",35.85
986,"green",35.95
987,"green",35.4
988,"green",34.9
989,"green",34.9
990,"green",34.65
991,"green",34.15
992,"green",34
993,"green",33.4
994,"green",33.1
995,"green",33
996,"green",32.45
997,"green",31.6
998,"green",31.55
999,"green",31.2
1000,"green",31.1
1001,"green",31.1
1002,"green",30.8
1003,"green",30.4
1004,"green",30.05
1005,"green",29.9
1006,"green",29.7
1007,"green",29.25
1008,"green",29.05
1009,"green",28.8
1010,"green",28.3
1011,"green",27.95
1012,"green",27.4
1013,"green",27.3
1014,"green",27
1015,"green",26.65
1016,"green",26.2
1017,"green",25.95
1018,"green",25.9
1019,"green",25.6
1020,"green",25.5
1021,"green",25.4
1022,"green",24.95
1023,"green",24.75
1024,"green",24.75
1025,"green",24.8
1026,"green",24.7
1027,"green",24.5
1028,"green",24.35
1029,"green",23.8
1030,"green",23.75
1031,"green",23.55
1032,"green",23.4
1033,"green",23.35
1034,"green",23.15
1035,"green",22.95
1036,"green",22.8
1037,"green",22.45
1038,"green",22.4
1039,"green",22.35
1040,"green",22.1
1041,"green",21.75
1042,"green",21.55
1043,"green",21.4
1044,"green",21.05
1045,"green",20.8
1046,"green",20.65
1047,"green",20.4
1048,"green",20.1
1049,"green",19.95
1050,"green",19.6
1051,"green",19.2
1052,"green",19.3
1053,"green",19.25
1054,"green",19.05
1055,"green",19.3
1056,"green",18.75
1057,"green",18.6
1058,"green",18.3
1059,"green",18.05
1060,"green",17.5
1061,"green",17.45
1062,"green",17.5
1063,"green",17.05
1064,"green",16.9
1065,"green",16.8
1066,"green",16.75
1067,"green",16.7
1068,"green",16.55
1069,"green",16.45
1070,"green",16.15
1071,"green",16.3
1072,"green",16.3
1073,"green",16.05
1074,"green",15.7
1075,"green",15.65
1076,"green",15.7
1077,"green",15.8
1078,"green",15.55
1079,"green",15.7
1080,"green",15.6
1,"total",19.8
2,"total",22.75
3,"total",25.5
4,"total",27.6
5,"total",28.95
6,"total",29.85
7,"total",31
8,"total",32.05
9,"total",32.7
10,"total",33.05
11,"total",33.3
12,"total",33.75
13,"total",33.75
14,"total",33.9
15,"total",33.8
16,"total",34
17,"total",34.05
18,"total",33.65
19,"total",33.4
20,"total",33.35
21,"total",32.95
22,"total",32.75
23,"total",32.65
24,"total",32.5
25,"total",32.3
26,"total",32.15
27,"total",31.95
28,"total",31.6
29,"total",31.35
30,"total",31.3
31,"total",31.4
32,"total",31.1
33,"total",30.45
34,"total",30.3
35,"total",30.15
36,"total",30
37,"total",29.85
38,"total",29.65
39,"total",29.45
40,"total",29.25
41,"total",29.15
42,"total",29.2
43,"total",29
44,"total",28.95
45,"total",28.75
46,"total",28.25
47,"total",28.35
48,"total",28.15
49,"total",27.6
50,"total",27.35
51,"total",27.15
52,"total",27
53,"total",27
54,"total",26.5
55,"total",26.5
56,"total",26.1
57,"total",26
58,"total",25.8
59,"total",25.2
60,"total",25.05
61,"total",25.05
62,"total",24.75
63,"total",24.65
64,"total",24.8
65,"total",24.65
66,"total",24.5
67,"total",24.4
68,"total",24.45
69,"total",24.55
70,"total",23.95
71,"total",24.3
72,"total",24.2
73,"total",23.75
74,"total",24.15
75,"total",24.3
76,"total",23.95
77,"total",23.75
78,"total",23.35
79,"total",23.25
80,"total",23.3
81,"total",22.95
82,"total",23
83,"total",22.9
84,"total",23.15
85,"total",22.7
86,"total",22.6
87,"total",22.55
88,"total",22.35
89,"total",21.95
90,"total",22.25
91,"total",22.25
92,"total",22.45
93,"total",22.65
94,"total",22.55
95,"total",22.35
96,"total",22.05
97,"total",22.1
98,"total",22
99,"total",21.8
100,"total",21.95
101,"total",21.65
102,"total",21.45
103,"total",21.7
104,"total",21.7
105,"total",21.35
106,"total",21.15
107,"total",21.2
108,"total",21.2
109,"total",21.35
110,"total",21.4
111,"total",21.25
112,"total",21.35
113,"total",21.4
114,"total",21.45
115,"total",21.15
116,"total",21.15
117,"total",21
118,"total",20.85
119,"total",20.75
120,"total",20.75
121,"total",20.5
122,"total",20.3
123,"total",20.1
124,"total",20.45
125,"total",20.5
126,"total",20.75
127,"total",21.15
128,"total",20.9
129,"total",20.8
130,"total",20.55
131,"total",20.55
132,"total",20.65
133,"total",20.75
134,"total",20.55
135,"total",20.7
136,"total",20.35
137,"total",20.6
138,"total",20.7
139,"total",20.65
140,"total",20.85
141,"total",20.8
142,"total",21
143,"total",21.05
144,"total",21.05
145,"total",20.75
146,"total",20.8
147,"total",21.1
148,"total",20.95
149,"total",21.1
150,"total",20.8
151,"total",20.5
152,"total",20.5
153,"total",20.2
154,"total",20.25
155,"total",20.35
156,"total",20
157,"total",20.15
158,"total",20.2
159,"total",20.65
160,"total",20.2
161,"total",20.05
162,"total",19.95
163,"total",19.8
164,"total",19.85
165,"total",20
166,"total",19.9
167,"total",20.1
168,"total",20.4
169,"total",20.35
170,"total",20.3
171,"total",20.15
172,"total",20.05
173,"total",20
174,"total",20.45
175,"total",20.25
176,"total",20.2
177,"total",20.35
178,"total",20.2
179,"total",20.35
180,"total",20.6
181,"total",20.75
182,"total",21
183,"total",21.2
184,"total",21.5
185,"total",21.6
186,"total",20.95
187,"total",21.2
188,"total",21.45
189,"total",21.95
190,"total",22.2
191,"total",22.35
192,"total",22.55
193,"total",23.05
194,"total",23.05
195,"total",23.35
196,"total",23.35
197,"total",23.3
198,"total",23.4
199,"total",23.55
200,"total",23.6
201,"total",23.95
202,"total",24.3
203,"total",24.4
204,"total",24.55
205,"total",24.6
206,"total",25
207,"total",25.25
208,"total",25.3
209,"total",25.1
210,"total",25.3
211,"total",25.5
212,"total",25.8
213,"total",26
214,"total",25.95
215,"total",25.95
216,"total",25.6
217,"total",25.85
218,"total",26
219,"total",26.15
220,"total",26.35
221,"total",26.2
222,"total",26.65
223,"total",26.75
224,"total",26.9
225,"total",27.25
226,"total",27.15
227,"total",27.35
228,"total",27.8
229,"total",27.7
230,"total",28.1
231,"total",28.15
232,"total",28.6
233,"total",28.7
234,"total",29.25
235,"total",29.35
236,"total",29.25
237,"total",29.8
238,"total",29.9
239,"total",29.75
240,"total",30.2
241,"total",30.3
242,"total",30.25
243,"total",30.2
244,"total",30.05
245,"total",30.45
246,"total",30.6
247,"total",30.9
248,"total",31
249,"total",31.1
250,"total",31.3
251,"total",31.5
252,"total",31.4
253,"total",31.25
254,"total",31.5
255,"total",31.75
256,"total",31.7
257,"total",31.95
258,"total",32.3
259,"total",32.25
260,"total",32.2
261,"total",32.1
262,"total",31.95
263,"total",32.05
264,"total",32.15
265,"total",32.85
266,"total",32.6
267,"total",32.75
268,"total",33.15
269,"total",33.3
270,"total",33.6
271,"total",34.2
272,"total",34.05
273,"total",33.9
274,"total",34.35
275,"total",34.4
276,"total",34.85
277,"total",35
278,"total",35.15
279,"total",35.2
280,"total",35.1
281,"total",35
282,"total",35.7
283,"total",36.1
284,"total",36.1
285,"total",36.2
286,"total",36.2
287,"total",36.15
288,"total",36
289,"total",36.25
290,"total",35.85
291,"total",36
292,"total",36.15
293,"total",36.6
294,"total",36.5
295,"total",36.8
296,"total",37.05
297,"total",37.4
298,"total",36.9
299,"total",36.85
300,"total",37.35
301,"total",37.45
302,"total",37.35
303,"total",37.15
304,"total",36.85
305,"total",37.4
306,"total",37.15
307,"total",36.85
308,"total",36.75
309,"total",36.55
310,"total",36.6
311,"total",37
312,"total",37.1
313,"total",36.95
314,"total",36.9
315,"total",37.35
316,"total",37.65
317,"total",38
318,"total",37.65
319,"total",37.5
320,"total",38.15
321,"total",38.15
322,"total",38.6
323,"total",38.35
324,"total",38.4
325,"total",38.6
326,"total",39.4
327,"total",38.95
328,"total",39.15
329,"total",39.15
330,"total",39.45
331,"total",39.35
332,"total",39.4
333,"total",39.15
334,"total",39.25
335,"total",39.8
336,"total",39.95
337,"total",39.9
338,"total",39.95
339,"total",40.55
340,"total",40.55
341,"total",40.5
342,"total",41.05
343,"total",41.45
344,"total",41.6
345,"total",41.95
346,"total",41.85
347,"total",41.7
348,"total",42.4
349,"total",42.65
350,"total",42.95
351,"total",43.5
352,"total",44.15
353,"total",44.3
354,"total",44.15
355,"total",44.4
356,"total",44.4
357,"total",44.55
358,"total",44.4
359,"total",44.55
360,"total",44.2
361,"total",44.3
362,"total",44.5
363,"total",44.6
364,"total",44.4
365,"total",44.7
366,"total",44.75
367,"total",44.65
368,"total",44.8
369,"total",44.65
370,"total",44.15
371,"total",44.5
372,"total",45.15
373,"total",45.65
374,"total",45.45
375,"total",45.05
376,"total",44.8
377,"total",44.95
378,"total",44.6
379,"total",45
380,"total",44.4
381,"total",44.6
382,"total",44.05
383,"total",44.6
384,"total",44.1
385,"total",44.3
386,"total",44.25
387,"total",44.2
388,"total",44.15
389,"total",44.1
390,"total",44.15
391,"total",44.15
392,"total",44.2
393,"total",44.65
394,"total",44.6
395,"total",44.75
396,"total",45.05
397,"total",45.05
398,"total",45.25
399,"total",44.95
400,"total",45.35
401,"total",45.3
402,"total",45.3
403,"total",45.8
404,"total",46.05
405,"total",46.15
406,"total",46.2
407,"total",45.85
408,"total",46
409,"total",46.15
410,"total",46.15
411,"total",45.95
412,"total",45.75
413,"total",45.95
414,"total",45.35
415,"total",45.7
416,"total",45.25
417,"total",45.75
418,"total",45.7
419,"total",46.2
420,"total",46.3
421,"total",46.5
422,"total",46.25
423,"total",46.75
424,"total",46.9
425,"total",47.35
426,"total",47.65
427,"total",47.95
428,"total",48.55
429,"total",49.15
430,"total",49.15
431,"total",49.6
432,"total",50.15
433,"total",49.5
434,"total",49.75
435,"total",49.9
436,"total",50.3
437,"total",50.25
438,"total",51.25
439,"total",51.9
440,"total",51.95
441,"total",52
442,"total",52.55
443,"total",52.1
444,"total",53.3
445,"total",52.7
446,"total",52.95
447,"total",52.7
448,"total",53.2
449,"total",54.25
450,"total",54.3
451,"total",55.3
452,"total",54.95
453,"total",55.05
454,"total",55.4
455,"total",55.3
456,"total",55.45
457,"total",55.3
458,"total",55.8
459,"total",55.75
460,"total",55.4
461,"total",55.5
462,"total",56.3
463,"total",56.3
464,"total",56.75
465,"total",56.75
466,"total",57.25
467,"total",57.45
468,"total",58.1
469,"total",58
470,"total",58.5
471,"total",58.85
472,"total",58.65
473,"total",58.8
474,"total",59.8
475,"total",60.3
476,"total",59.95
477,"total",59.95
478,"total",59.65
479,"total",60.15
480,"total",60.4
481,"total",60.7
482,"total",60.65
483,"total",60.65
484,"total",61.15
485,"total",61.6
486,"total",61.7
487,"total",62.55
488,"total",62.85
489,"total",62.8
490,"total",63
491,"total",62.95
492,"total",63.75
493,"total",64.6
494,"total",64.8
495,"total",65.4
496,"total",65.25
497,"total",65.3
498,"total",65.7
499,"total",66.1
500,"total",66.25
501,"total",66.65
502,"total",66.85
503,"total",67.3
504,"total",67.2
505,"total",67.35
506,"total",67.7
507,"total",67.8
508,"total",67.6
509,"total",67.8
510,"total",68.05
511,"total",68.45
512,"total",68.45
513,"total",68.95
514,"total",68.95
515,"total",69.05
516,"total",69.3
517,"total",70.2
518,"total",70.75
519,"total",71.55
520,"total",71.1
521,"total",71.1
522,"total",71.5
523,"total",71.7
524,"total",72.4
525,"total",72.65
526,"total",73.05
527,"total",73.3
528,"total",73.1
529,"total",73.8
530,"total",74
531,"total",74.8
532,"total",74.75
533,"total",75
534,"total",75.9
535,"total",76.65
536,"total",77.4
537,"total",78.15
538,"total",78
539,"total",78.75
540,"total",79.2
541,"total",80.05
542,"total",80
543,"total",80.2
544,"total",80.65
545,"total",81.35
546,"total",81.75
547,"total",81.2
548,"total",81.75
549,"total",82.4
550,"total",82.25
551,"total",83.55
552,"total",84.6
553,"total",84.5
554,"total",84.75
555,"total",85.2
556,"total",85.5
557,"total",85.95
558,"total",86.15
559,"total",86.5
560,"total",87.25
561,"total",88.6
562,"total",88.9
563,"total",89.35
564,"total",90.15
565,"total",90.95
566,"total",91.2
567,"total",91.15
568,"total",92.1
569,"total",91.8
570,"total",92.2
571,"total",92.45
572,"total",93.35
573,"total",92.55
574,"total",93.6
575,"total",93.25
576,"total",93.95
577,"total",93.8
578,"total",94.45
579,"total",94.15
580,"total",93.55
581,"total",94.7
582,"total",95.2
583,"total",95.35
584,"total",95.45
585,"total",95.8
586,"total",96.1
587,"total",95.4
588,"total",95.95
589,"total",95.75
590,"total",97
591,"total",96.7
592,"total",97.4
593,"total",97.9
594,"total",98.35
595,"total",98.85
596,"total",98.8
597,"total",99.65
598,"total",99.6
599,"total",100.25
600,"total",101.3
601,"total",100.95
602,"total",101.25
603,"total",101.75
604,"total",101.8
605,"total",102.25
606,"total",103.05
607,"total",103
608,"total",103.25
609,"total",103.7
610,"total",103.7
611,"total",104.65
612,"total",105.05
613,"total",106.4
614,"total",106.6
615,"total",107.45
616,"total",108.15
617,"total",107.95
618,"total",108.95
619,"total",109.1
620,"total",110.4
621,"total",110.8
622,"total",110.55
623,"total",111.75
624,"total",112.5
625,"total",112.95
626,"total",113.1
627,"total",114.5
628,"total",113.95
629,"total",114.05
630,"total",114.7
631,"total",115.35
632,"total",116.05
633,"total",116.6
634,"total",117.45
635,"total",118.6
636,"total",119.3
637,"total",120
638,"total",120.5
639,"total",120.4
640,"total",120.75
641,"total",120.4
642,"total",120.65
643,"total",122.05
644,"total",122.15
645,"total",123.05
646,"total",123.3
647,"total",125.15
648,"total",125.2
649,"total",126.65
650,"total",126.25
651,"total",126.2
652,"total",126.5
653,"total",127.4
654,"total",128.05
655,"total",128.6
656,"total",129.15
657,"total",130.05
658,"total",130.6
659,"total",131.4
660,"total",131.2
661,"total",131.6
662,"total",131.7
663,"total",132.45
664,"total",133.7
665,"total",136.15
666,"total",135.95
667,"total",136.75
668,"total",136.7
669,"total",137.35
670,"total",137.3
671,"total",137.45
672,"total",138.55
673,"total",138.8
674,"total",139.85
675,"total",141.15
676,"total",140.65
677,"total",141.45
678,"total",142.35
679,"total",143.95
680,"total",144.25
681,"total",145
682,"total",145.45
683,"total",145.7
684,"total",145.9
685,"total",146.75
686,"total",147.2
687,"total",147.65
688,"total",148.25
689,"total",149.15
690,"total",150.45
691,"total",150.3
692,"total",151.8
693,"total",152.65
694,"total",152.4
695,"total",152.6
696,"total",154.2
697,"total",154.75
698,"total",155.45
699,"total",156.25
700,"total",156.75
701,"total",156.8
702,"total",157.75
703,"total",158.2
704,"total",159.15
705,"total",159.85
706,"total",160.4
707,"total",161.15
708,"total",161.7
709,"total",161.85
710,"total",161.55
711,"total",163.1
712,"total",163.7
713,"total",164.65
714,"total",164.8
715,"total",166.35
716,"total",168.35
717,"total",168.6
718,"total",169.2
719,"total",170.2
720,"total",171.25
721,"total",170.8
722,"total",170.05
723,"total",169.65
724,"total",169.05
725,"total",169.2
726,"total",170.05
727,"total",170.7
728,"total",170.25
729,"total",170.05
730,"total",171.25
731,"total",170.1
732,"total",170.25
733,"total",170.8
734,"total",171.85
735,"total",172.65
736,"total",173.55
737,"total",172.5
738,"total",172.15
739,"total",171.65
740,"total",172.15
741,"total",171.25
742,"total",171.2
743,"total",171.4
744,"total",171.8
745,"total",171.15
746,"total",171.25
747,"total",171.35
748,"total",171.3
749,"total",172.05
750,"total",171.7
751,"total",172.05
752,"total",171.85
753,"total",172.4
754,"total",172.65
755,"total",172.8
756,"total",172.75
757,"total",172.45
758,"total",172.3
759,"total",171.8
760,"total",172.1
761,"total",172.15
762,"total",172
763,"total",172.9
764,"total",172.4
765,"total",172.15
766,"total",172.2
767,"total",171.8
768,"total",171.9
769,"total",171.95
770,"total",172.75
771,"total",172.75
772,"total",172.6
773,"total",172.1
774,"total",171.9
775,"total",171.45
776,"total",171.4
777,"total",172.05
778,"total",171.85
779,"total",172.2
780,"total",172.6
781,"total",171.5
782,"total",170.9
783,"total",170
784,"total",169.1
785,"total",168.95
786,"total",167.9
787,"total",166.6
788,"total",165.2
789,"total",164.05
790,"total",164.2
791,"total",162.5
792,"total",161.45
793,"total",161.1
794,"total",160.3
795,"total",160.6
796,"total",160.05
797,"total",159.6
798,"total",159.15
799,"total",157.5
800,"total",157.9
801,"total",157.3
802,"total",156.5
803,"total",156.5
804,"total",155.3
805,"total",155.35
806,"total",153.55
807,"total",153.05
808,"total",152.6
809,"total",151.15
810,"total",150.9
811,"total",150.7
812,"total",149.65
813,"total",149.3
814,"total",147.9
815,"total",147.2
816,"total",147.35
817,"total",145.55
818,"total",145.4
819,"total",144.75
820,"total",143.95
821,"total",142.8
822,"total",142.55
823,"total",141.65
824,"total",139.6
825,"total",139.85
826,"total",138.7
827,"total",138.05
828,"total",136.6
829,"total",137.2
830,"total",136.3
831,"total",135.65
832,"total",134.45
833,"total",133.5
834,"total",133.2
835,"total",133.1
836,"total",133.35
837,"total",132.6
838,"total",132.65
839,"total",132.5
840,"total",131.65
841,"total",130.6
842,"total",130.25
843,"total",129.4
844,"total",128.15
845,"total",127.4
846,"total",125.95
847,"total",124.65
848,"total",124.85
849,"total",123.7
850,"total",123.4
851,"total",121.35
852,"total",120.3
853,"total",120.1
854,"total",119.2
855,"total",118.65
856,"total",117.65
857,"total",117.1
858,"total",116.65
859,"total",116.25
860,"total",115.4
861,"total",114.55
862,"total",114.3
863,"total",114
864,"total",113.05
865,"total",112.75
866,"total",111.75
867,"total",110.95
868,"total",110.15
869,"total",109.55
870,"total",108.8
871,"total",107.9
872,"total",106.5
873,"total",106.1
874,"total",105.4
875,"total",104.95
876,"total",104.55
877,"total",103.85
878,"total",102.9
879,"total",102.7
880,"total",102.3
881,"total",101.85
882,"total",100.75
883,"total",100.25
884,"total",100.4
885,"total",99.3
886,"total",98.65
887,"total",98.3
888,"total",97.65
889,"total",97.25
890,"total",96.05
891,"total",95.05
892,"total",94.5
893,"total",93.95
894,"total",93.15
895,"total",92.2
896,"total",91.95
897,"total",91.1
898,"total",90.65
899,"total",90.05
900,"total",89.45
901,"total",89.55
902,"total",88.4
903,"total",87.65
904,"total",87.15
905,"total",86.55
906,"total",85.95
907,"total",84.9
908,"total",84.5
909,"total",83.95
910,"total",83.25
911,"total",82.25
912,"total",81.85
913,"total",81.45
914,"total",80.75
915,"total",80.8
916,"total",80.6
917,"total",79.4
918,"total",79.15
919,"total",78.7
920,"total",77.9
921,"total",76.9
922,"total",76.7
923,"total",75.55
924,"total",74.5
925,"total",73.7
926,"total",73.1
927,"total",72.35
928,"total",71.9
929,"total",71.5
930,"total",70.95
931,"total",70.65
932,"total",70.1
933,"total",69.4
934,"total",68.85
935,"total",67.7
936,"total",67.5
937,"total",66.85
938,"total",66.3
939,"total",66.2
940,"total",65.65
941,"total",65.6
942,"total",64.6
943,"total",64.55
944,"total",63.6
945,"total",62.8
946,"total",62.35
947,"total",61.95
948,"total",61.55
949,"total",60.7
950,"total",60.2
951,"total",59.7
952,"total",59.3
953,"total",58.75
954,"total",58.6
955,"total",57.7
956,"total",56.75
957,"total",56.4
958,"total",55.65
959,"total",55.15
960,"total",54.65
961,"total",54.8
962,"total",54.85
963,"total",54.4
964,"total",53.65
965,"total",53.3
966,"total",53
967,"total",52.7
968,"total",51.95
969,"total",51.8
970,"total",51.35
971,"total",50.75
972,"total",50.45
973,"total",50.4
974,"total",49.85
975,"total",49.55
976,"total",49.2
977,"total",48.9
978,"total",47.8
979,"total",47.95
980,"total",47.4
981,"total",46.75
982,"total",46.55
983,"total",46.15
984,"total",46.2
985,"total",45.65
986,"total",45.65
987,"total",45
988,"total",44.5
989,"total",44.35
990,"total",43.9
991,"total",43.3
992,"total",43.05
993,"total",42.3
994,"total",41.9
995,"total",41.9
996,"total",41.25
997,"total",40.25
998,"total",40.15
999,"total",39.85
1000,"total",39.5
1001,"total",39.5
1002,"total",39.2
1003,"total",38.75
1004,"total",38.35
1005,"total",38.1
1006,"total",37.6
1007,"total",37.15
1008,"total",36.9
1009,"total",36.7
1010,"total",36.1
1011,"total",35.55
1012,"total",34.95
1013,"total",34.75
1014,"total",34.4
1015,"total",33.9
1016,"total",33.5
1017,"total",33.15
1018,"total",32.9
1019,"total",32.4
1020,"total",32.2
1021,"total",31.95
1022,"total",31.45
1023,"total",31.3
1024,"total",31.25
1025,"total",31.3
1026,"total",31.15
1027,"total",30.85
1028,"total",30.65
1029,"total",29.95
1030,"total",29.75
1031,"total",29.45
1032,"total",29.45
1033,"total",29.3
1034,"total",29.15
1035,"total",29.05
1036,"total",28.75
1037,"total",28.3
1038,"total",28.2
1039,"total",28.15
1040,"total",27.9
1041,"total",27.3
1042,"total",27.1
1043,"total",26.9
1044,"total",26.45
1045,"total",26.1
1046,"total",25.95
1047,"total",25.5
1048,"total",25.25
1049,"total",25.05
1050,"total",24.65
1051,"total",24.25
1052,"total",24.25
1053,"total",24.2
1054,"total",24
1055,"total",24.25
1056,"total",23.65
1057,"total",23.4
1058,"total",23.1
1059,"total",22.75
1060,"total",22.25
1061,"total",22.05
1062,"total",22.1
1063,"total",21.6
1064,"total",21.25
1065,"total",21.15
1066,"total",21
1067,"total",20.95
1068,"total",20.65
1069,"total",20.65
1070,"total",20.3
1071,"total",20.45
1072,"total",20.35
1073,"total",20
1074,"total",19.65
1075,"total",19.65
1076,"total",19.7
1077,"total",19.8
1078,"total",19.6
1079,"total",19.65
1080,"total",19.6
